case,mode,setup.total_seconds,setup.static_plan_seconds,setup.tree_construction_seconds,setup.topology_construction_seconds,setup.normalisation_seconds,setup.geometry_hash_seconds,setup.p2p_seconds,setup.p2p_interaction_setup_seconds,setup.p2p_canonical_operator_seconds,setup.p2p_derived_packing_seconds,setup.p2m_seconds,setup.m2m_seconds,setup.m2l_seconds,setup.l2l_seconds,setup.l2p_seconds,setup.universal_operator_build_seconds,setup.precision_conversion_seconds,setup.backend_packing_seconds,setup.far_field_packing_seconds,setup.cuda_upload_seconds,setup.universal_cache_lookup_seconds,setup.universal_cache_load_seconds,setup.universal_cache_write_seconds,setup.geometry_cache_lookup_seconds,setup.geometry_cache_load_seconds,setup.geometry_cache_write_seconds,cache.enabled,cache.universal.hit,cache.geometry.hit,cache.bytes_read,cache.bytes_written,p2p_packing,p2m_execution,l2p_execution
point/N32768/d4/cpu,cold-no-cache,2.355344575,1.999143008,0.016757862,0.07902035,0.000963845,0.006989434,0.62048974,0.033795252,0.586692665,8.81e-07,0.012836993,0.001517718,0.011503213,0.001517718,0.006587914,1.336850167,0.221120373,0.07637696,0.030891755,0,0,0,0,0,0,0,false,false,false,0,0,point_geometry,procedural,procedural
point/N32768/d4/cpu,cold-write,2.649899092,1.993664378,0.01571214,0.078141207,0.000957202,0.006948327,0.61250929,0.033882253,0.57862582,7.38e-07,0.012591772,0.001484853,0.0111405,0.001484853,0.006582741,1.337690645,0.221952601,0.076465456,0.030073069,0,5.6381e-05,0,0.002101278,1.4866e-05,0,0.286742872,true,false,false,0,430592901,point_geometry,procedural,procedural
point/N32768/d4/cpu,warm-hit,0.372800773,0.268317674,0.017572387,0.078589316,0.000957895,0.006966595,0,0,0,6.3e-07,0,0,0,0,0,0,0.079673718,0.078450746,0.024976603,0,0.001320449,0.001135809,0,0.152152923,0.15215274,0,true,true,true,430592901,0,point_geometry,procedural,procedural
prism/N4096/d3/regular/cpu,cold-no-cache,1.474039434,1.43175921,0.002234262,0.003846868,0.00012869,0.000781484,0.087756428,0.003660093,0.068175783,0.015920276,0.000541135,0.002294837,0.000886837,0.002294837,0.00103039,1.337970306,0.033908563,0.016866233,0.001261898,0,0,0,0,0,0,0,false,false,false,0,0,particle_row_soa,procedural,procedural
prism/N4096/d3/regular/cpu,cold-write,1.504707689,1.43263265,0.002240828,0.003649552,0.000107064,0.000595915,0.087697589,0.003607473,0.068188011,0.015901719,0.00049705,0.001465527,0.000715547,0.001465527,0.000969211,1.337537804,0.033514413,0.01686582,0.001299225,0,5.0044e-05,0,0.002128637,2.0126e-05,0,0.028819572,true,false,false,0,45793716,particle_row_soa,procedural,procedural
prism/N4096/d3/regular/cpu,warm-hit,0.045058493,0.038237947,0.002326051,0.003698472,0.000121723,0.000605364,0,0,0,7.19e-07,0,0,0,0,0,0,0.018252061,0.017091192,0.001304237,0,0.001991486,0.001890754,0,0.015477781,0.015477762,0,true,true,true,45793716,0,particle_row_soa,procedural,procedural
prism/N32768/d4/regular/cpu,cold-no-cache,2.6518959,2.227282897,0.012162939,0.078515646,0.000960404,0.004370391,0.858277114,0.031653929,0.659526136,0.167096548,0.002964902,0.001465386,0.011189078,0.001465386,0.006849773,1.336293214,0.31526481,0.159848004,0.012925785,0,0,0,0,0,0,0,false,false,false,0,0,particle_row_soa,procedural,procedural
prism/N32768/d4/regular/cpu,cold-write,2.917785577,2.231400318,0.015674138,0.079218322,0.000953693,0.00440665,0.858057432,0.031854977,0.66006198,0.16613988,0.003156449,0.001450565,0.011223305,0.001450565,0.008485063,1.336249606,0.313399428,0.159684186,0.012484505,0,7.6545e-05,0,0.002037566,1.9368e-05,0,0.249480433,true,false,false,0,384280297,particle_row_soa,procedural,procedural
prism/N32768/d4/regular/cpu,warm-hit,0.418675052,0.321240107,0.013418257,0.078295765,0.000970897,0.004367567,0,0,0,6.8e-07,0,0,0,0,0,0,0.167103421,0.165886691,0.01240044,0,0.001121012,0.000954942,0,0.133044625,0.133044489,0,true,true,true,384280297,0,particle_row_soa,procedural,procedural
