case,workload,backend,precision,sources,depth,order,source_geometry,target_geometry,irregular_bodies,regular_grid,periodic,layout_hint,far_field_model,p2p_packing_requested,p2p_packing,point_expansion_requested,p2m_execution,l2p_execution,static_multiply_backend,m2l_strategy,evaluation_median,evaluation_mean,p2p,m2l,p2m,m2m,l2l,l2p,cuda_p2p_kernel,cuda_p2p_wait,cuda_kernel,fmm_setup_seconds,static_plan_seconds,p2p_tensor_plan_seconds,p2m_plan_seconds,l2p_plan_seconds,m2l_plan_seconds,static_plan_bytes,near_field_operator_bytes,p2m_operator_bytes,l2p_operator_bytes,p2p_dictionary_total_bytes,p2p_canonical_total_bytes,p2p_dictionary_token_width_bytes,p2p_unique_tensors,cuda_persistent_device_bytes,cuda_p2p_tensor_bytes,near_field_pairs,occupied_target_leaves,max_relative_error
A-random/S/cpu-static-matrix/float32,A-random,,,10000,3,4,point,point,0,0,0,general,point,auto,point-geometry,auto,procedural,procedural,portable,cached-dense-m2l-matrix-per-transfer-class,0.00123414,0.00122873,0.000763048,0.000325777,1.58073e-05,3.38125e-05,2.62123e-05,1.61819e-05,0,0,0,0.735225,0.393246,0.387928,0.0015468,0.00136865,0.000495451,3002296,0,100,200,0,0,0,0,0,0,4465274,512,nan
A-random/S/cpu-static-matrix/float64,A-random,,,10000,3,4,point,point,0,0,0,general,point,auto,point-geometry,auto,procedural,procedural,portable,cached-dense-m2l-matrix-per-transfer-class,0.00135884,0.00135799,0.000762691,0.000440379,1.93695e-05,3.22025e-05,2.58609e-05,2.08294e-05,0,0,0,0.722689,0.387756,0.382554,0.00165234,0.00122348,0.000455511,5165128,0,200,400,0,0,0,0,0,0,4465274,512,nan
A-random/S/cpu-static-matrix-mkl/float32,A-random,,,10000,3,4,point,point,0,0,0,general,point,auto,point-geometry,auto,procedural,procedural,oneMKL,cached-dense-m2l-matrix-per-transfer-class,0.00116669,0.00116364,0.000781757,0.000245567,1.5682e-05,3.19833e-05,2.4814e-05,1.57162e-05,0,0,0,0.144203,0.131476,0,0,0,0,15038392,0,100,200,0,0,0,0,0,0,4465274,512,nan
A-random/S/cpu-static-matrix-mkl/float64,A-random,,,10000,3,4,point,point,0,0,0,general,point,auto,point-geometry,auto,procedural,procedural,oneMKL,cached-dense-m2l-matrix-per-transfer-class,0.00127448,0.00127515,0.000759617,0.000351974,1.97813e-05,3.46673e-05,2.59216e-05,2.14032e-05,0,0,0,0.280151,0.267874,0,0,0,0,27118012,0,200,400,0,0,0,0,0,0,4465274,512,nan
A-random/S/cuda-full/float32,A-random,,,10000,3,4,point,point,0,0,0,general,point,auto,point-geometry,auto,procedural,procedural,custom-cuda,full-device-resident-shared-cuda-target-row-m2l,0.000114787,0.0001172,2.26506e-05,1.79571e-05,7.9024e-06,2.04358e-05,8.48192e-06,4.09376e-06,2.26506e-05,0,8.52634e-05,0.140439,0.121492,0,0,0,0,13599676,0,6960000,4000000,0,0,0,0,4012524,0,4465274,512,nan
A-random/S/cuda-full/float64,A-random,,,10000,3,4,point,point,0,0,0,general,point,auto,leaf-block,auto,precomputed,precomputed,custom-cuda,full-device-resident-shared-cuda-target-row-m2l,0.000301917,0.000307308,0.00017388,7.52845e-05,1.99744e-05,0.000116175,1.5873e-05,1.02378e-05,0.00017388,0,0.000415169,0.564492,0.232566,0,0,0,0,758102974,736850218,9280000,8000000,0,343866102,0,0,233494796,214333152,4465274,512,nan
A-random/S/cuda-partial/float32,A-random,,,10000,3,4,point,point,0,0,0,general,point,auto,point-geometry,auto,procedural,procedural,custom-cuda,shared-cuda-target-row-m2l-and-sparse-list1-p2p,0.000203333,0.00022655,1.39205e-05,4.29219e-05,3.75434e-05,3.17831e-05,2.41367e-05,1.49481e-05,2.69034e-05,0,4.7535e-05,0.140206,0.121899,0,0,0,0,2722744,0,100,200,0,0,0,0,3064660,0,4465274,512,nan
A-random/S/cuda-partial/float64,A-random,,,10000,3,4,point,point,0,0,0,general,point,auto,leaf-block,auto,procedural,procedural,custom-cuda,shared-cuda-target-row-m2l-and-sparse-list1-p2p,0.00036264,0.000363051,0.000240571,0.000157045,2.56347e-05,3.22596e-05,2.55974e-05,2.01686e-05,0.000219193,1.25298e-05,0.000338307,0.537789,0.234667,0,0,0,0,740982182,736850218,200,400,0,343866102,0,0,218349168,214333152,4465274,512,nan
A-random/M/cpu-static-matrix/float32,A-random,,,50000,4,6,point,point,0,0,0,general,point,auto,point-geometry,auto,procedural,procedural,portable,cached-dense-m2l-matrix-per-transfer-class,0.0117873,0.0117572,0.00302936,0.00808932,0.00010411,0.000131395,0.000113214,9.05338e-05,0,0,0,2.87945,1.47472,1.42313,0.0180568,0.00966599,0.0108612,29081636,0,196,392,0,0,0,0,0,0,16306884,4095,nan
A-random/M/cpu-static-matrix/float64,A-random,,,50000,4,6,point,point,0,0,0,general,point,auto,point-geometry,auto,procedural,procedural,portable,cached-dense-m2l-matrix-per-transfer-class,0.0160017,0.0159897,0.00303301,0.011859,0.000155566,0.000169088,0.000148715,0.000137745,0,0,0,2.87514,1.47053,1.419,0.0178555,0.00978605,0.0108122,36410960,0,392,784,0,0,0,0,0,0,16306884,4095,nan
A-random/M/cpu-static-matrix-mkl/float32,A-random,,,50000,4,6,point,point,0,0,0,general,point,auto,point-geometry,auto,procedural,procedural,oneMKL,cached-dense-m2l-matrix-per-transfer-class,0.0156549,0.0156676,0.00310926,0.0118553,0.000101879,0.00013825,0.000109507,8.58717e-05,0,0,0,0.669135,0.557828,0,0,0,0,265531064,0,196,392,0,0,0,0,0,0,16306884,4095,nan
A-random/M/cpu-static-matrix-mkl/float64,A-random,,,50000,4,6,point,point,0,0,0,general,point,auto,point-geometry,auto,procedural,procedural,oneMKL,cached-dense-m2l-matrix-per-transfer-class,0.0301799,0.0301322,0.00302666,0.0255046,0.000189242,0.000477434,0.000275316,0.000125728,0,0,0,1.19722,1.08607,0,0,0,0,501797796,0,392,784,0,0,0,0,0,0,16306884,4095,nan
A-random/M/cuda-full/float32,A-random,,,50000,4,6,point,point,0,0,0,general,point,auto,point-geometry,auto,procedural,procedural,custom-cuda,full-device-resident-shared-cuda-target-row-m2l,0.000448251,0.000451716,5.74522e-05,0.000172624,1.23325e-05,8.4464e-05,2.45757e-05,6.144e-06,5.74522e-05,0,0.000361322,0.580948,0.454326,0,0,0,0,135411632,0,75600000,39200000,0,0,0,0,30541636,0,16306884,4095,nan
A-random/M/cuda-full/float64,A-random,,,50000,4,6,point,point,0,0,0,general,point,auto,leaf-block,auto,precomputed,precomputed,custom-cuda,full-device-resident-shared-cuda-target-row-m2l,0.00276238,0.00281324,0.00240766,0.00183584,5.93677e-05,0.000219555,0.0001581,9.40714e-05,0.00240766,0,0.00478043,2.13029,0.860089,0,0,0,0,2897810668,2691035868,100800000,78400000,0,1255830072,0,0,971451156,782730432,16306884,4095,nan
A-random/M/cuda-partial/float32,A-random,,,50000,4,6,point,point,0,0,0,general,point,auto,point-geometry,auto,procedural,procedural,custom-cuda,shared-cuda-target-row-m2l-and-sparse-list1-p2p,0.00109132,0.00124764,6.86446e-05,0.000395538,0.000117225,0.000189733,0.000130716,0.000114921,5.55917e-05,0,0.000235574,0.602554,0.467009,0,0,0,0,20990988,0,196,392,0,0,0,0,25749284,0,16306884,4095,nan
A-random/M/cuda-partial/float64,A-random,,,50000,4,6,point,point,0,0,0,general,point,auto,leaf-block,auto,procedural,procedural,custom-cuda,shared-cuda-target-row-m2l-and-sparse-list1-p2p,0.00321316,0.00321575,0.00061863,0.00220883,0.000119791,0.000152372,0.000213922,9.53536e-05,0.000495949,6.25055e-05,0.00228071,1.89938,0.860074,0,0,0,0,2719356180,2691035868,392,784,0,1255830072,0,0,813507184,782730432,16306884,4095,nan
B-lattice-low/occ8/cpu-static-matrix/general/float32,B-lattice-low,,,32768,4,6,point,point,0,1,0,general,point,auto,point-geometry,auto,procedural,procedural,portable,cached-dense-m2l-matrix-per-transfer-class,0.00979773,0.00980052,0.00124389,0.00806581,7.66913e-05,0.000131975,0.00011009,5.31219e-05,0,0,0,1.23922,0.592757,0.559033,0.00294264,0.00663032,0.0116096,28095972,0,196,392,0,0,0,0,0,0,6229504,4096,nan
B-lattice-low/occ8/cpu-static-matrix/hint/float32,B-lattice-low,,,32768,4,6,point,point,0,1,0,regular_grid,point,auto,tensor-dictionary,auto,procedural,procedural,portable,cached-dense-m2l-matrix-per-transfer-class,0.00913953,0.00924518,0.000573429,0.00811665,8.19869e-05,0.000146292,0.000124672,7.45362e-05,0,0,0,0.999544,0.905654,0,0,0,0,582690796,554688008,196,392,8651620,255540740,1,172,0,0,6229504,4096,nan
B-lattice-low/occ8/cpu-static-matrix/general/float64,B-lattice-low,,,32768,4,6,point,point,0,1,0,general,point,auto,point-geometry,auto,procedural,procedural,portable,cached-dense-m2l-matrix-per-transfer-class,0.0139293,0.0139084,0.00126585,0.0118734,9.62156e-05,0.000170104,0.00014713,0.000140306,0,0,0,1.26783,0.597576,0.560848,0.00314373,0.0085311,0.0112529,34736016,0,392,784,0,0,0,0,0,0,6229504,4096,nan
B-lattice-low/occ8/cpu-static-matrix/hint/float64,B-lattice-low,,,32768,4,6,point,point,0,1,0,regular_grid,point,auto,tensor-dictionary,auto,procedural,procedural,portable,cached-dense-m2l-matrix-per-transfer-class,0.0133342,0.0135217,0.00073043,0.011892,0.000127846,0.000204781,0.000164065,0.000176627,0,0,0,0.78554,0.691764,0,0,0,0,1062773144,1028130312,392,784,8655748,479802884,1,172,0,0,6229504,4096,nan
B-lattice-low/occ8/cpu-static-matrix-mkl/general/float32,B-lattice-low,,,32768,4,6,point,point,0,1,0,general,point,auto,point-geometry,auto,procedural,procedural,oneMKL,cached-dense-m2l-matrix-per-transfer-class,0.0137278,0.0137197,0.0013113,0.0118698,7.08223e-05,0.000125945,0.000110425,6.14118e-05,0,0,0,0.354408,0.260813,0,0,0,0,264590656,0,196,392,0,0,0,0,0,0,6229504,4096,nan
B-lattice-low/occ8/cpu-static-matrix-mkl/hint/float32,B-lattice-low,,,32768,4,6,point,point,0,1,0,regular_grid,point,auto,tensor-dictionary,auto,procedural,procedural,oneMKL,cached-dense-m2l-matrix-per-transfer-class,0.0128296,0.012856,0.000558506,0.0117682,7.40964e-05,0.000130674,0.000106529,5.68778e-05,0,0,0,1.03565,0.942272,0,0,0,0,819185480,554688008,196,392,8651620,255540740,1,172,0,0,6229504,4096,nan
B-lattice-low/occ8/cpu-static-matrix-mkl/general/float64,B-lattice-low,,,32768,4,6,point,point,0,1,0,general,point,auto,point-geometry,auto,procedural,procedural,oneMKL,cached-dense-m2l-matrix-per-transfer-class,0.0279065,0.0279284,0.00126123,0.0254363,0.000200526,0.000338085,0.000217009,0.000107005,0,0,0,0.596013,0.502663,0,0,0,0,500212012,0,392,784,0,0,0,0,0,0,6229504,4096,nan
B-lattice-low/occ8/cpu-static-matrix-mkl/hint/float64,B-lattice-low,,,32768,4,6,point,point,0,1,0,regular_grid,point,auto,tensor-dictionary,auto,procedural,procedural,oneMKL,cached-dense-m2l-matrix-per-transfer-class,0.0273571,0.0274018,0.000759406,0.0254514,0.000169448,0.000325489,0.000211105,0.000114294,0,0,0,0.876429,0.782829,0,0,0,0,1528249140,1028130312,392,784,8655748,479802884,1,172,0,0,6229504,4096,nan
B-lattice-low/occ8/cuda-full/general/float32,B-lattice-low,,,32768,4,6,point,point,0,1,0,general,point,auto,point-geometry,auto,procedural,procedural,custom-cuda,full-device-resident-shared-cuda-target-row-m2l,0.000360653,0.000364191,3.0568e-05,0.000172625,1.1399e-05,5.89037e-05,2.4576e-05,5.69792e-06,3.0568e-05,0,0.000307495,0.270151,0.172041,0,0,0,0,86302384,0,40894464,25690112,0,0,0,0,28477108,0,6229504,4096,nan
B-lattice-low/occ8/cuda-full/hint/float32,B-lattice-low,,,32768,4,6,point,point,0,1,0,regular_grid,point,auto,point-geometry,auto,procedural,procedural,custom-cuda,full-device-resident-shared-cuda-target-row-m2l,0.000363075,0.000366881,3.04461e-05,0.000172686,1.14467e-05,5.8665e-05,2.45757e-05,5.6784e-06,3.04461e-05,0,0.00030722,0.270641,0.173026,0,0,0,0,86302384,0,40894464,25690112,0,0,0,0,28477108,0,6229504,4096,nan
B-lattice-low/occ8/cuda-full/general/float64,B-lattice-low,,,32768,4,6,point,point,0,1,0,general,point,auto,leaf-block,auto,precomputed,precomputed,custom-cuda,full-device-resident-shared-cuda-target-row-m2l,0.00232626,0.00237521,0.000243799,0.00178346,3.40192e-05,0.000210229,4.33446e-05,3.36291e-05,0.000243799,0,0.00235222,0.882893,0.329494,0,0,0,0,1160028184,1028130312,54525952,51380224,0,479802884,0,0,415847668,299016192,6229504,4096,nan
B-lattice-low/occ8/cuda-full/hint/float64,B-lattice-low,,,32768,4,6,point,point,0,1,0,regular_grid,point,auto,tensor-dictionary,auto,precomputed,precomputed,custom-cuda,full-device-resident-shared-cuda-target-row-m2l,0.00229784,0.00233208,0.000183225,0.0017801,3.11578e-05,0.000161754,4.3088e-05,3.07002e-05,0.000183225,0,0.00223359,0.833161,0.655019,0,0,0,0,1160028184,1028130312,54525952,51380224,8655748,479802884,1,172,122614356,8256,6229504,4096,nan
B-lattice-low/occ8/cuda-partial/general/float32,B-lattice-low,,,32768,4,6,point,point,0,1,0,general,point,auto,point-geometry,auto,procedural,procedural,custom-cuda,shared-cuda-target-row-m2l-and-sparse-list1-p2p,0.0009417,0.000941345,4.59395e-05,0.00039571,6.92535e-05,0.000122912,0.000110345,4.93374e-05,3.44499e-05,0,0.000213974,0.281809,0.183074,0,0,0,0,20097164,0,196,392,0,0,0,0,24994332,0,6229504,4096,nan
B-lattice-low/occ8/cuda-partial/hint/float32,B-lattice-low,,,32768,4,6,point,point,0,1,0,regular_grid,point,auto,point-geometry,auto,procedural,procedural,custom-cuda,shared-cuda-target-row-m2l-and-sparse-list1-p2p,0.000938067,0.00094044,4.61398e-05,0.000397104,6.89043e-05,0.000120492,0.000111294,4.88207e-05,3.37379e-05,0,0.0002127,0.280959,0.182565,0,0,0,0,20097164,0,196,392,0,0,0,0,24994332,0,6229504,4096,nan
B-lattice-low/occ8/cuda-partial/general/float64,B-lattice-low,,,32768,4,6,point,point,0,1,0,general,point,auto,leaf-block,auto,procedural,procedural,custom-cuda,shared-cuda-target-row-m2l-and-sparse-list1-p2p,0.00299728,0.00313995,0.000275732,0.00220151,8.58386e-05,0.000162304,0.000334635,6.91663e-05,0.000191713,4.03327e-05,0.00197633,0.783026,0.340754,0,0,0,0,1054867520,1028130312,392,784,0,479802884,0,0,328900088,299016192,6229504,4096,nan
B-lattice-low/occ8/cuda-partial/hint/float64,B-lattice-low,,,32768,4,6,point,point,0,1,0,regular_grid,point,auto,tensor-dictionary,auto,procedural,procedural,custom-cuda,shared-cuda-target-row-m2l-and-sparse-list1-p2p,0.00300327,0.00300192,0.000202296,0.00219992,8.63995e-05,0.000152778,0.000207928,6.16222e-05,0.000116955,3.98996e-05,0.00190096,0.747137,0.665975,0,0,0,0,1054867520,1028130312,392,784,8655748,479802884,1,172,35666776,8256,6229504,4096,nan
C-lattice-high/occ64/cpu-static-matrix/general/float32,C-lattice-high,,,32768,3,6,point,point,0,1,0,general,point,auto,point-geometry,auto,procedural,procedural,portable,cached-dense-m2l-matrix-per-transfer-class,0.00859781,0.0085888,0.00757009,0.000786934,4.38905e-05,4.18063e-05,3.35733e-05,3.255e-05,0,0,0,6.80063,3.8322,3.8183,0.00305278,0.00672261,0.000679133,8140196,0,196,392,0,0,0,0,0,0,43614208,512,nan
C-lattice-high/occ64/cpu-static-matrix/hint/float32,C-lattice-high,,,32768,3,6,point,point,0,1,0,regular_grid,point,auto,tensor-dictionary,auto,procedural,procedural,portable,cached-dense-m2l-matrix-per-transfer-class,0.00549582,0.00549373,0.00441749,0.000795808,4.57069e-05,4.32303e-05,4.80331e-05,3.79551e-05,0,0,0,7.25982,7.23945,0,0,0,0,3889348012,3881926664,196,392,87538820,1788313604,2,1688,0,0,43614208,512,nan
C-lattice-high/occ64/cpu-static-matrix/general/float64,C-lattice-high,,,32768,3,6,point,point,0,1,0,general,point,auto,point-geometry,auto,procedural,procedural,portable,cached-dense-m2l-matrix-per-transfer-class,0.00917319,0.00930988,0.00759339,0.00126865,6.97704e-05,7.63221e-05,7.74458e-05,5.1876e-05,0,0,0,6.71155,3.84543,3.82961,0.00289362,0.00849367,0.00067886,13082824,0,392,784,0,0,0,0,0,0,43614208,512,nan
C-lattice-high/occ64/cpu-static-matrix/hint/float64,C-lattice-high,,,32768,3,6,point,point,0,1,0,regular_grid,point,auto,tensor-dictionary,auto,procedural,procedural,portable,cached-dense-m2l-matrix-per-transfer-class,0.00768267,0.00774294,0.00603027,0.00128345,6.93837e-05,5.07685e-05,4.32189e-05,8.88778e-05,0,0,0,5.53561,5.51512,0,0,0,0,7208970448,7196606472,392,784,87579332,3358425092,2,1688,0,0,43614208,512,nan
C-lattice-high/occ64/cpu-static-matrix-mkl/general/float32,C-lattice-high,,,32768,3,6,point,point,0,1,0,general,point,auto,point-geometry,auto,procedural,procedural,oneMKL,cached-dense-m2l-matrix-per-transfer-class,0.00809979,0.00808746,0.00736115,0.000476823,4.4023e-05,4.64736e-05,3.30223e-05,3.17545e-05,0,0,0,1.24995,1.22964,0,0,0,0,29666264,0,196,392,0,0,0,0,0,0,43614208,512,nan
C-lattice-high/occ64/cpu-static-matrix-mkl/hint/float32,C-lattice-high,,,32768,3,6,point,point,0,1,0,regular_grid,point,auto,tensor-dictionary,auto,procedural,procedural,oneMKL,cached-dense-m2l-matrix-per-transfer-class,0.00541072,0.00540173,0.00453837,0.000584887,4.63649e-05,4.44588e-05,3.25033e-05,3.82668e-05,0,0,0,7.24033,7.22029,0,0,0,0,3910874080,3881926664,196,392,87538820,1788313604,2,1688,0,0,43614208,512,nan
C-lattice-high/occ64/cpu-static-matrix-mkl/general/float64,C-lattice-high,,,32768,3,6,point,point,0,1,0,general,point,auto,point-geometry,auto,procedural,procedural,oneMKL,cached-dense-m2l-matrix-per-transfer-class,0.00907238,0.00920084,0.00732424,0.00139272,7.75618e-05,9.0179e-05,5.30062e-05,4.939e-05,0,0,0,2.45293,2.43261,0,0,0,0,55522876,0,392,784,0,0,0,0,0,0,43614208,512,nan
C-lattice-high/occ64/cpu-static-matrix-mkl/hint/float64,C-lattice-high,,,32768,3,6,point,point,0,1,0,regular_grid,point,auto,tensor-dictionary,auto,procedural,procedural,oneMKL,cached-dense-m2l-matrix-per-transfer-class,0.00807554,0.00806101,0.00608191,0.00156017,7.09065e-05,5.10675e-05,4.19617e-05,5.48478e-05,0,0,0,5.55683,5.53562,0,0,0,0,7251410500,7196606472,392,784,87579332,3358425092,2,1688,0,0,43614208,512,nan
C-lattice-high/occ64/cuda-full/general/float32,C-lattice-high,,,32768,3,6,point,point,0,1,0,general,point,auto,point-geometry,auto,procedural,procedural,custom-cuda,full-device-resident-shared-cuda-target-row-m2l,0.000209586,0.000215134,7.75421e-05,3.0024e-05,1.272e-05,5.5504e-05,1.23085e-05,6.14496e-06,7.75421e-05,0,0.000197955,1.23764,1.13321,0,0,0,0,78420348,0,46350336,25690112,0,0,0,0,9512604,0,43614208,512,nan
C-lattice-high/occ64/cuda-full/hint/float32,C-lattice-high,,,32768,3,6,point,point,0,1,0,regular_grid,point,auto,point-geometry,auto,procedural,procedural,custom-cuda,full-device-resident-shared-cuda-target-row-m2l,0.000213766,0.000217323,7.74467e-05,3.00442e-05,1.30378e-05,5.49619e-05,1.23082e-05,6.1456e-06,7.74467e-05,0,0.000197656,1.24556,1.14033,0,0,0,0,78420348,0,46350336,25690112,0,0,0,0,9512604,0,43614208,512,nan
C-lattice-high/occ64/cuda-full/general/float64,C-lattice-high,,,32768,3,6,point,point,0,1,0,general,point,auto,leaf-block,auto,precomputed,precomputed,custom-cuda,full-device-resident-shared-cuda-target-row-m2l,0.00170565,0.00173285,0.00132272,0.000454937,6.74301e-05,0.00090867,2.25472e-05,3.64554e-05,0.00132272,0,0.0028165,6.02103,2.1672,0,0,0,0,7320834908,7196606472,61800448,51380224,0,3358425092,0,0,2200083068,2093481984,43614208,512,nan
C-lattice-high/occ64/cuda-full/hint/float64,C-lattice-high,,,32768,3,6,point,point,0,1,0,regular_grid,point,auto,tensor-dictionary,auto,precomputed,precomputed,custom-cuda,full-device-resident-shared-cuda-target-row-m2l,0.001336,0.0013514,0.00114438,0.000690012,3.85882e-05,4.72474e-05,2.45962e-05,3.6864e-05,0.00114438,0,0.00198579,5.60136,5.4715,0,0,0,0,7320834908,7196606472,61800448,51380224,87579332,3358425092,2,1688,193884316,81024,43614208,512,nan
C-lattice-high/occ64/cuda-partial/general/float32,C-lattice-high,,,32768,3,6,point,point,0,1,0,general,point,auto,point-geometry,auto,procedural,procedural,custom-cuda,shared-cuda-target-row-m2l-and-sparse-list1-p2p,0.000377298,0.000380126,4.46764e-05,7.67336e-05,4.30872e-05,4.03194e-05,2.93711e-05,3.16069e-05,7.3287e-05,0,0.000105499,1.24556,1.14249,0,0,0,0,6667736,0,196,392,0,0,0,0,6432900,0,43614208,512,nan
C-lattice-high/occ64/cuda-partial/hint/float32,C-lattice-high,,,32768,3,6,point,point,0,1,0,regular_grid,point,auto,point-geometry,auto,procedural,procedural,custom-cuda,shared-cuda-target-row-m2l-and-sparse-list1-p2p,0.000375439,0.000382917,4.40915e-05,7.14007e-05,4.32866e-05,4.03064e-05,2.94419e-05,3.16164e-05,7.33581e-05,0,0.000104834,1.25461,1.14778,0,0,0,0,6667736,0,196,392,0,0,0,0,6432900,0,43614208,512,nan
C-lattice-high/occ64/cuda-partial/general/float64,C-lattice-high,,,32768,3,6,point,point,0,1,0,general,point,auto,leaf-block,auto,procedural,procedural,custom-cuda,shared-cuda-target-row-m2l-and-sparse-list1-p2p,0.00167702,0.00168162,0.00147248,0.000992214,6.40925e-05,4.1978e-05,0.000106598,5.06319e-05,0.00139005,0.00023581,0.00230085,5.93327,2.17191,0,0,0,0,7208216836,7196606472,392,784,0,3358425092,0,0,2103406336,2093481984,43614208,512,nan
C-lattice-high/occ64/cuda-partial/hint/float64,C-lattice-high,,,32768,3,6,point,point,0,1,0,regular_grid,point,auto,tensor-dictionary,auto,procedural,procedural,custom-cuda,shared-cuda-target-row-m2l-and-sparse-list1-p2p,0.00131825,0.00131908,0.00112662,0.000682453,6.40267e-05,4.54728e-05,3.67919e-05,4.86729e-05,0.00104597,0.000265341,0.00166328,5.53124,5.50688,0,0,0,0,7208216836,7196606472,392,784,87579332,3358425092,2,1688,97207584,81024,43614208,512,nan
D-prism/regular/N4096/cpu-static-matrix/general/float32,D-prism,,,4096,3,6,prism,prism,0,1,0,general,point,auto,particle-row-soa,auto,procedural,procedural,portable,cached-dense-m2l-matrix-per-transfer-class,0.00102863,0.0010339,0.000131861,0.000771302,1.57151e-05,3.9092e-05,3.12292e-05,1.33914e-05,0,0,0,0.0425395,0.0354636,0,0,0,0,66581468,60683784,196,392,0,27956740,0,0,0,0,681472,512,nan
D-prism/regular/N4096/cpu-static-matrix/hint/float32,D-prism,,,4096,3,6,prism,prism,0,1,0,regular_grid,point,auto,tensor-dictionary,auto,procedural,procedural,portable,cached-dense-m2l-matrix-per-transfer-class,0.000959808,0.000962338,6.59092e-05,0.000767147,1.54323e-05,3.92615e-05,3.12075e-05,1.32384e-05,0,0,0,0.104842,0.0976172,0,0,0,0,66581468,60683784,196,392,953220,27956740,1,248,0,0,681472,512,nan
D-prism/regular/N4096/cpu-static-matrix/general/float64,D-prism,,,4096,3,6,prism,prism,0,1,0,general,point,auto,particle-row-soa,auto,procedural,procedural,portable,cached-dense-m2l-matrix-per-transfer-class,0.00166092,0.00166479,0.000243629,0.00127115,1.78708e-05,4.34117e-05,3.78786e-05,1.55444e-05,0,0,0,0.162525,0.0946023,0.0878653,0.00048697,0.000935536,0.000649337,122169088,112475656,392,784,0,52489732,0,0,0,0,681472,512,nan
D-prism/regular/N4096/cpu-static-matrix/hint/float64,D-prism,,,4096,3,6,prism,prism,0,1,0,regular_grid,point,auto,tensor-dictionary,auto,procedural,procedural,portable,cached-dense-m2l-matrix-per-transfer-class,0.00149281,0.00149158,8.46417e-05,0.00125795,1.71513e-05,4.42407e-05,3.67723e-05,1.52884e-05,0,0,0,0.0848867,0.0780013,0,0,0,0,122169088,112475656,392,784,1645252,52489732,2,344,0,0,681472,512,nan
D-prism/regular/N4096/cpu-static-matrix-mkl/general/float32,D-prism,,,4096,3,6,prism,prism,0,1,0,general,point,auto,particle-row-soa,auto,procedural,procedural,oneMKL,cached-dense-m2l-matrix-per-transfer-class,0.000822675,0.000822508,0.000195482,0.000491772,1.61919e-05,4.02366e-05,3.1794e-05,1.33962e-05,0,0,0,0.0471208,0.0393587,0,0,0,0,88107536,60683784,196,392,0,27956740,0,0,0,0,681472,512,nan
D-prism/regular/N4096/cpu-static-matrix-mkl/hint/float32,D-prism,,,4096,3,6,prism,prism,0,1,0,regular_grid,point,auto,tensor-dictionary,auto,procedural,procedural,oneMKL,cached-dense-m2l-matrix-per-transfer-class,0.000641956,0.000641657,6.58026e-05,0.000446046,1.52709e-05,3.99632e-05,3.05778e-05,1.28683e-05,0,0,0,0.110508,0.103349,0,0,0,0,88107536,60683784,196,392,953220,27956740,1,248,0,0,681472,512,nan
D-prism/regular/N4096/cpu-static-matrix-mkl/general/float64,D-prism,,,4096,3,6,prism,prism,0,1,0,general,point,auto,particle-row-soa,auto,procedural,procedural,oneMKL,cached-dense-m2l-matrix-per-transfer-class,0.00207846,0.00208235,0.000713602,0.00119423,1.83056e-05,4.96708e-05,4.10749e-05,1.59778e-05,0,0,0,0.0564752,0.0493186,0,0,0,0,164609140,112475656,392,784,0,52489732,0,0,0,0,681472,512,nan
D-prism/regular/N4096/cpu-static-matrix-mkl/hint/float64,D-prism,,,4096,3,6,prism,prism,0,1,0,regular_grid,point,auto,tensor-dictionary,auto,procedural,procedural,oneMKL,cached-dense-m2l-matrix-per-transfer-class,0.00144058,0.00144397,9.21284e-05,0.0011829,1.8014e-05,4.90394e-05,4.09119e-05,1.59533e-05,0,0,0,0.0911682,0.0836199,0,0,0,0,164609140,112475656,392,784,1645252,52489732,2,344,0,0,681472,512,nan
D-prism/regular/N4096/cuda-full/general/float32,D-prism,,,4096,3,6,prism,prism,0,1,0,general,point,auto,leaf-block,auto,procedural,procedural,custom-cuda,full-device-resident-shared-cuda-target-row-m2l,0.000127399,0.000128074,1.00957e-05,2.81139e-05,1.01677e-05,2.42806e-05,1.22902e-05,4.096e-06,1.00957e-05,0,9.27805e-05,0.0725538,0.0182387,0,0,0,0,45906352,32727044,5111808,3211264,0,27956740,0,0,22325312,16355328,681472,512,nan
D-prism/regular/N4096/cuda-full/hint/float32,D-prism,,,4096,3,6,prism,prism,0,1,0,regular_grid,point,auto,tensor-dictionary,auto,procedural,procedural,custom-cuda,full-device-resident-shared-cuda-target-row-m2l,0.000121123,0.00012308,3.18102e-05,2.82554e-05,7.92928e-06,2.42845e-05,1.2289e-05,4.09568e-06,3.18102e-05,0,0.000112408,0.0850283,0.0781109,0,0,0,0,45906352,32727044,5111808,3211264,953220,27956740,1,248,6608608,7936,681472,512,nan
D-prism/regular/N4096/cuda-full/general/float64,D-prism,,,4096,3,6,prism,prism,0,1,0,general,point,auto,leaf-block,auto,precomputed,precomputed,custom-cuda,full-device-resident-shared-cuda-target-row-m2l,0.000287947,0.000292635,2.0128e-05,0.000176816,7.7696e-06,3.27088e-05,1.84298e-05,6.144e-06,2.0128e-05,0,0.000265739,0.0921671,0.0354348,0,0,0,0,134091148,112475656,6815744,6422528,0,52489732,0,0,52705916,32710656,681472,512,nan
D-prism/regular/N4096/cuda-full/hint/float64,D-prism,,,4096,3,6,prism,prism,0,1,0,regular_grid,point,auto,tensor-dictionary,auto,precomputed,precomputed,custom-cuda,full-device-resident-shared-cuda-target-row-m2l,0.00028839,0.000295145,4.65798e-05,0.000180059,6.42784e-06,2.99574e-05,1.8432e-05,6.144e-06,4.65798e-05,0,0.000291339,0.0805562,0.0661765,0,0,0,0,134091148,112475656,6815744,6422528,1645252,52489732,2,344,21323932,16512,681472,512,nan
D-prism/regular/N4096/cuda-partial/general/float32,D-prism,,,4096,3,6,prism,prism,0,1,0,general,point,auto,leaf-block,auto,procedural,procedural,custom-cuda,shared-cuda-target-row-m2l-and-sparse-list1-p2p,0.000205931,0.000206195,6.08215e-06,6.29632e-05,1.68376e-05,3.73101e-05,3.17843e-05,1.19566e-05,1.56352e-05,0,4.92394e-05,0.0720684,0.0237504,0,0,0,0,37871116,32727044,196,392,0,27956740,0,0,21424680,16355328,681472,512,nan
D-prism/regular/N4096/cuda-partial/hint/float32,D-prism,,,4096,3,6,prism,prism,0,1,0,regular_grid,point,auto,tensor-dictionary,auto,procedural,procedural,custom-cuda,shared-cuda-target-row-m2l-and-sparse-list1-p2p,0.000205155,0.000213809,5.92464e-06,6.30598e-05,1.65994e-05,3.84901e-05,4.05391e-05,1.22542e-05,2.96371e-05,0,6.33178e-05,0.0849199,0.0789856,0,0,0,0,37871116,32727044,196,392,953220,27956740,1,248,5707976,7936,681472,512,nan
D-prism/regular/N4096/cuda-partial/general/float64,D-prism,,,4096,3,6,prism,prism,0,1,0,general,point,auto,leaf-block,auto,procedural,procedural,custom-cuda,shared-cuda-target-row-m2l-and-sparse-list1-p2p,0.000395496,0.0003959,3.44771e-05,0.00023026,1.9376e-05,4.18545e-05,3.61498e-05,1.37203e-05,2.27814e-05,5.60231e-06,0.000203607,0.0775428,0.035735,0,0,0,0,121415476,112475656,392,784,0,52489732,0,0,41144064,32710656,681472,512,nan
D-prism/regular/N4096/cuda-partial/hint/float64,D-prism,,,4096,3,6,prism,prism,0,1,0,regular_grid,point,auto,tensor-dictionary,auto,procedural,procedural,custom-cuda,shared-cuda-target-row-m2l-and-sparse-list1-p2p,0.000390291,0.000390808,5.8871e-05,0.000230194,1.94637e-05,4.31288e-05,3.51922e-05,1.3868e-05,4.83667e-05,5.50142e-06,0.000228371,0.0787864,0.0720552,0,0,0,0,121415476,112475656,392,784,1645252,52489732,2,344,9762080,16512,681472,512,nan
D-prism/regular/N4096/exact-far-field/cpu-static-matrix,D-prism,,,4096,3,6,prism,prism,0,1,0,general,exact,auto,particle-row-soa,auto,precomputed,precomputed,portable,cached-dense-m2l-matrix-per-transfer-class,0.00104163,0.00105656,0.000137267,0.000773835,1.59998e-05,3.91204e-05,3.34128e-05,1.95384e-05,0,0,0,0.17858,0.0961093,0.0888271,0.000976798,0.00143504,0.000700258,72200592,60683784,2408448,3211264,0,27956740,0,0,0,0,681472,512,nan
E-tetrahedron/regular/N4096/cpu-static-matrix/general/float32,E-tetrahedron,,,4096,3,6,tetrahedron,tetrahedron,0,1,0,general,point,auto,particle-row-soa,auto,procedural,procedural,portable,cached-dense-m2l-matrix-per-transfer-class,0.00104895,0.00115481,0.000143513,0.000794706,2.5549e-05,4.08611e-05,6.74639e-05,2.33908e-05,0,0,0,0.205491,0.126363,0.12081,0.000439468,0.0011653,0.000573088,66581612,60683784,196,392,0,27956740,0,0,0,0,681472,512,nan
E-tetrahedron/regular/N4096/cpu-static-matrix/hint/float32,E-tetrahedron,,,4096,3,6,tetrahedron,tetrahedron,0,1,0,regular_grid,point,auto,tensor-dictionary,auto,procedural,procedural,portable,cached-dense-m2l-matrix-per-transfer-class,0.000973357,0.000973957,6.6711e-05,0.000776862,1.56504e-05,3.90638e-05,3.14292e-05,1.33452e-05,0,0,0,0.107253,0.100142,0,0,0,0,66581612,60683784,196,392,951756,27956740,1,187,0,0,681472,512,nan
E-tetrahedron/regular/N4096/cpu-static-matrix/general/float64,E-tetrahedron,,,4096,3,6,tetrahedron,tetrahedron,0,1,0,general,point,auto,particle-row-soa,auto,procedural,procedural,portable,cached-dense-m2l-matrix-per-transfer-class,0.00165375,0.00165976,0.000248682,0.00125928,1.76764e-05,4.51713e-05,3.70789e-05,1.54522e-05,0,0,0,0.198694,0.126438,0.120894,0.000455342,0.000869543,0.000578322,122169232,112475656,392,784,0,52489732,0,0,0,0,681472,512,nan
E-tetrahedron/regular/N4096/cpu-static-matrix/hint/float64,E-tetrahedron,,,4096,3,6,tetrahedron,tetrahedron,0,1,0,regular_grid,point,auto,tensor-dictionary,auto,procedural,procedural,portable,cached-dense-m2l-matrix-per-transfer-class,0.00149284,0.00149129,8.4153e-05,0.00125782,1.7195e-05,4.49578e-05,3.63679e-05,1.51156e-05,0,0,0,0.084728,0.0775889,0,0,0,0,122169232,112475656,392,784,1642228,52489732,2,281,0,0,681472,512,nan
E-tetrahedron/regular/N4096/cpu-static-matrix-mkl/general/float32,E-tetrahedron,,,4096,3,6,tetrahedron,tetrahedron,0,1,0,general,point,auto,particle-row-soa,auto,procedural,procedural,oneMKL,cached-dense-m2l-matrix-per-transfer-class,0.000825399,0.000901725,0.000206675,0.000531959,1.61247e-05,4.17797e-05,3.24793e-05,1.48971e-05,0,0,0,0.0513791,0.0391487,0,0,0,0,88107680,60683784,196,392,0,27956740,0,0,0,0,681472,512,nan
E-tetrahedron/regular/N4096/cpu-static-matrix-mkl/hint/float32,E-tetrahedron,,,4096,3,6,tetrahedron,tetrahedron,0,1,0,regular_grid,point,auto,tensor-dictionary,auto,procedural,procedural,oneMKL,cached-dense-m2l-matrix-per-transfer-class,0.00064153,0.00064157,6.61039e-05,0.000445384,1.53824e-05,4.04711e-05,3.08392e-05,1.27998e-05,0,0,0,0.110254,0.102934,0,0,0,0,88107680,60683784,196,392,951756,27956740,1,187,0,0,681472,512,nan
E-tetrahedron/regular/N4096/cpu-static-matrix-mkl/general/float64,E-tetrahedron,,,4096,3,6,tetrahedron,tetrahedron,0,1,0,general,point,auto,particle-row-soa,auto,procedural,procedural,oneMKL,cached-dense-m2l-matrix-per-transfer-class,0.00208121,0.00210766,0.000710803,0.00121832,1.84803e-05,5.05116e-05,4.04606e-05,1.87385e-05,0,0,0,0.0566977,0.0494842,0,0,0,0,164609284,112475656,392,784,0,52489732,0,0,0,0,681472,512,nan
E-tetrahedron/regular/N4096/cpu-static-matrix-mkl/hint/float64,E-tetrahedron,,,4096,3,6,tetrahedron,tetrahedron,0,1,0,regular_grid,point,auto,tensor-dictionary,auto,procedural,procedural,oneMKL,cached-dense-m2l-matrix-per-transfer-class,0.00144838,0.00144662,9.21071e-05,0.00118202,1.83525e-05,5.22492e-05,4.0686e-05,1.60895e-05,0,0,0,0.092157,0.0850297,0,0,0,0,164609284,112475656,392,784,1642228,52489732,2,281,0,0,681472,512,nan
E-tetrahedron/regular/N4096/cuda-full/general/float32,E-tetrahedron,,,4096,3,6,tetrahedron,tetrahedron,0,1,0,general,point,auto,leaf-block,auto,procedural,procedural,custom-cuda,full-device-resident-shared-cuda-target-row-m2l,0.000128252,0.000137504,1.00544e-05,2.79549e-05,1.07245e-05,2.47984e-05,1.22899e-05,4.0992e-06,1.00544e-05,0,9.36525e-05,0.0734618,0.0183182,0,0,0,0,45906496,32727044,5111808,3211264,0,27956740,0,0,22325312,16355328,681472,512,nan
E-tetrahedron/regular/N4096/cuda-full/hint/float32,E-tetrahedron,,,4096,3,6,tetrahedron,tetrahedron,0,1,0,regular_grid,point,auto,tensor-dictionary,auto,procedural,procedural,custom-cuda,full-device-resident-shared-cuda-target-row-m2l,0.000120154,0.000122827,2.90522e-05,2.8359e-05,7.95008e-06,2.41402e-05,1.2289e-05,4.09568e-06,2.90522e-05,0,0.000109627,0.0861303,0.0792635,0,0,0,0,45906496,32727044,5111808,3211264,951756,27956740,1,187,6606656,5984,681472,512,nan
E-tetrahedron/regular/N4096/cuda-full/general/float64,E-tetrahedron,,,4096,3,6,tetrahedron,tetrahedron,0,1,0,general,point,auto,leaf-block,auto,precomputed,precomputed,custom-cuda,full-device-resident-shared-cuda-target-row-m2l,0.000286958,0.000293173,2.00957e-05,0.000177083,7.6624e-06,3.27818e-05,1.8432e-05,6.144e-06,2.00957e-05,0,0.000265938,0.0924034,0.0356343,0,0,0,0,134091292,112475656,6815744,6422528,0,52489732,0,0,52705916,32710656,681472,512,nan
E-tetrahedron/regular/N4096/cuda-full/hint/float64,E-tetrahedron,,,4096,3,6,tetrahedron,tetrahedron,0,1,0,regular_grid,point,auto,tensor-dictionary,auto,precomputed,precomputed,custom-cuda,full-device-resident-shared-cuda-target-row-m2l,0.000288368,0.000298186,4.64317e-05,0.000179556,6.53952e-06,3.02906e-05,1.8432e-05,6.144e-06,4.64317e-05,0,0.000291134,0.080209,0.0656201,0,0,0,0,134091292,112475656,6815744,6422528,1642228,52489732,2,281,21320908,13488,681472,512,nan
E-tetrahedron/regular/N4096/cuda-partial/general/float32,E-tetrahedron,,,4096,3,6,tetrahedron,tetrahedron,0,1,0,general,point,auto,leaf-block,auto,procedural,procedural,custom-cuda,shared-cuda-target-row-m2l-and-sparse-list1-p2p,0.000207861,0.000207921,5.68334e-06,6.3275e-05,1.66187e-05,3.74152e-05,3.2677e-05,1.21371e-05,1.52794e-05,0,4.89667e-05,0.0718921,0.0235134,0,0,0,0,37871260,32727044,196,392,0,27956740,0,0,21424680,16355328,681472,512,nan
E-tetrahedron/regular/N4096/cuda-partial/hint/float32,E-tetrahedron,,,4096,3,6,tetrahedron,tetrahedron,0,1,0,regular_grid,point,auto,tensor-dictionary,auto,procedural,procedural,custom-cuda,shared-cuda-target-row-m2l-and-sparse-list1-p2p,0.000204613,0.000204384,5.87204e-06,6.30821e-05,1.67597e-05,3.76868e-05,3.2091e-05,1.2e-05,2.87795e-05,0,6.26102e-05,0.084107,0.078307,0,0,0,0,37871260,32727044,196,392,951756,27956740,1,187,5706024,5984,681472,512,nan
E-tetrahedron/regular/N4096/cuda-partial/general/float64,E-tetrahedron,,,4096,3,6,tetrahedron,tetrahedron,0,1,0,general,point,auto,leaf-block,auto,procedural,procedural,custom-cuda,shared-cuda-target-row-m2l-and-sparse-list1-p2p,0.000395388,0.000395629,3.4519e-05,0.00023031,1.95508e-05,4.16686e-05,3.54908e-05,1.40436e-05,2.26954e-05,5.66719e-06,0.000203502,0.0835666,0.0401032,0,0,0,0,121415620,112475656,392,784,0,52489732,0,0,41144064,32710656,681472,512,nan
E-tetrahedron/regular/N4096/cuda-partial/hint/float64,E-tetrahedron,,,4096,3,6,tetrahedron,tetrahedron,0,1,0,regular_grid,point,auto,tensor-dictionary,auto,procedural,procedural,custom-cuda,shared-cuda-target-row-m2l-and-sparse-list1-p2p,0.000392975,0.000393135,5.8831e-05,0.000230493,1.96648e-05,4.27225e-05,3.54309e-05,1.41093e-05,4.82531e-05,5.64356e-06,0.00022847,0.0787457,0.0725044,0,0,0,0,121415620,112475656,392,784,1642228,52489732,2,281,9759056,13488,681472,512,nan
E-tetrahedron/regular/N4096/exact-far-field/cpu-static-matrix,E-tetrahedron,,,4096,3,6,tetrahedron,tetrahedron,0,1,0,general,exact,auto,particle-row-soa,auto,precomputed,precomputed,portable,cached-dense-m2l-matrix-per-transfer-class,0.00104762,0.00105105,0.000136894,0.000777865,1.57925e-05,3.91396e-05,3.17911e-05,1.79204e-05,0,0,0,0.239779,0.158944,0.120952,0.0106985,0.023464,0.000576276,72200736,60683784,2408448,3211264,0,27956740,0,0,0,0,681472,512,nan
F-irregular/prism/N4096/cpu-static-matrix/float32,F-irregular,,,4096,3,6,prism,prism,1,0,0,general,point,auto,particle-row-soa,auto,procedural,procedural,portable,cached-dense-m2l-matrix-per-transfer-class,0.00108482,0.00108285,0.000161508,0.000779388,1.73642e-05,4.13e-05,3.28565e-05,1.50914e-05,0,0,0,9.34939,9.2368,9.22953,0.00165663,0.0019164,0.000441292,76204188,70114936,196,392,0,32301428,0,0,0,0,787440,511,nan
F-irregular/prism/N4096/cpu-static-matrix-mkl/float32,F-irregular,,,4096,3,6,prism,prism,1,0,0,general,point,auto,particle-row-soa,auto,procedural,procedural,oneMKL,cached-dense-m2l-matrix-per-transfer-class,0.000899574,0.000935511,0.000258018,0.000506341,1.70065e-05,4.1136e-05,3.22491e-05,1.48349e-05,0,0,0,0.0521113,0.0431919,0,0,0,0,97667224,70114936,196,392,0,32301428,0,0,0,0,787440,511,nan
F-irregular/prism/N4096/cuda-full/float32,F-irregular,,,4096,3,6,prism,prism,1,0,0,general,point,auto,leaf-block,auto,procedural,procedural,custom-cuda,full-device-resident-shared-cuda-target-row-m2l,0.00013275,0.00013114,1.36723e-05,2.79904e-05,1.04627e-05,2.42819e-05,1.22909e-05,4.11648e-06,1.36723e-05,0,9.65581e-05,0.085908,0.0228621,0,0,0,0,52267600,37813508,6193152,3211264,0,32301428,0,0,24863736,18898560,787440,511,nan
F-irregular/prism/N4096/cuda-partial/float32,F-irregular,,,4096,3,6,prism,prism,1,0,0,general,point,auto,leaf-block,auto,procedural,procedural,custom-cuda,shared-cuda-target-row-m2l-and-sparse-list1-p2p,0.000208039,0.000210817,5.83328e-06,6.30561e-05,1.751e-05,3.56432e-05,2.96419e-05,1.35582e-05,1.99312e-05,0,5.36397e-05,0.085419,0.0263723,0,0,0,0,43151020,37813508,196,392,0,32301428,0,0,23963160,18898560,787440,511,nan
F-irregular/tetrahedron/N4096/cpu-static-matrix/float32,F-irregular,,,4096,3,6,tetrahedron,tetrahedron,1,0,0,general,point,auto,particle-row-soa,auto,procedural,procedural,portable,cached-dense-m2l-matrix-per-transfer-class,0.00108353,0.00108498,0.000162366,0.000782017,1.73049e-05,4.07306e-05,3.23651e-05,1.49364e-05,0,0,0,17.2077,17.0928,17.0853,0.00163002,0.00192492,0.00054528,76794012,70114936,196,392,0,32301428,0,0,0,0,787440,511,nan
F-irregular/tetrahedron/N4096/cpu-static-matrix-mkl/float32,F-irregular,,,4096,3,6,tetrahedron,tetrahedron,1,0,0,general,point,auto,particle-row-soa,auto,procedural,procedural,oneMKL,cached-dense-m2l-matrix-per-transfer-class,0.000897779,0.000902409,0.000252098,0.000507576,1.71973e-05,3.91787e-05,3.23571e-05,1.49173e-05,0,0,0,0.0555006,0.0450835,0,0,0,0,98257048,70114936,196,392,0,32301428,0,0,0,0,787440,511,nan
F-irregular/tetrahedron/N4096/cuda-full/float32,F-irregular,,,4096,3,6,tetrahedron,tetrahedron,1,0,0,general,point,auto,leaf-block,auto,procedural,procedural,custom-cuda,full-device-resident-shared-cuda-target-row-m2l,0.000127412,0.000127586,1.35981e-05,2.81133e-05,1.0287e-05,2.43152e-05,1.22886e-05,4.1168e-06,1.35981e-05,0,9.6463e-05,0.0883044,0.0225425,0,0,0,0,52857424,37813508,6193152,3211264,0,32301428,0,0,24863736,18898560,787440,511,nan
F-irregular/tetrahedron/N4096/cuda-partial/float32,F-irregular,,,4096,3,6,tetrahedron,tetrahedron,1,0,0,general,point,auto,leaf-block,auto,procedural,procedural,custom-cuda,shared-cuda-target-row-m2l-and-sparse-list1-p2p,0.000215388,0.000217023,5.88131e-06,6.35836e-05,1.72084e-05,4.19555e-05,3.13575e-05,1.37805e-05,2.07366e-05,0,5.44848e-05,0.0856941,0.0261334,0,0,0,0,43740844,37813508,196,392,0,32301428,0,0,23963160,18898560,787440,511,nan
P-cpu-random/M/auto/float32,P-cpu-random,,,50000,4,6,point,point,0,0,0,general,point,auto,point-geometry,auto,procedural,procedural,portable,cached-dense-m2l-matrix-per-transfer-class,0.0117937,0.0118604,0.00304378,0.00812553,0.000106302,0.000131044,0.00011301,0.000100595,0,0,0,0.63675,0.520924,0,0,0,0,29081636,0,196,392,0,0,0,0,0,0,16306884,4095,nan
P-cpu-random/M/auto/float64,P-cpu-random,,,50000,4,6,point,point,0,0,0,general,point,auto,point-geometry,auto,procedural,procedural,portable,cached-dense-m2l-matrix-per-transfer-class,0.0159501,0.0161122,0.00302509,0.0119245,0.00017057,0.000180762,0.000166826,0.00015829,0,0,0,1.12376,1.00913,0,0,0,0,36410960,0,392,784,0,0,0,0,0,0,16306884,4095,nan
P-cpu-random/M/point-geometry/float32,P-cpu-random,,,50000,4,6,point,point,0,0,0,general,point,point-geometry,point-geometry,auto,procedural,procedural,portable,cached-dense-m2l-matrix-per-transfer-class,0.0118252,0.0118235,0.00305801,0.00811885,0.000103758,0.000131539,0.000111528,9.85481e-05,0,0,0,0.633705,0.518083,0,0,0,0,29081636,0,196,392,0,0,0,0,0,0,16306884,4095,nan
P-cpu-random/M/point-geometry/float64,P-cpu-random,,,50000,4,6,point,point,0,0,0,general,point,point-geometry,point-geometry,auto,procedural,procedural,portable,cached-dense-m2l-matrix-per-transfer-class,0.0160361,0.0160222,0.00300945,0.0119391,0.000152789,0.000172277,0.00014807,0.000137952,0,0,0,1.12891,1.01347,0,0,0,0,36410960,0,392,784,0,0,0,0,0,0,16306884,4095,nan
P-cpu-random/M/particle-row-soa/float32,P-cpu-random,,,50000,4,6,point,point,0,0,0,general,point,particle-row-soa,particle-row-soa,auto,procedural,procedural,portable,cached-dense-m2l-matrix-per-transfer-class,0.0172274,0.0172208,0.00829985,0.00808735,0.000148832,0.000149703,0.000122942,0.00011144,0,0,0,0.848479,0.73729,0,0,0,0,1480607952,1451712684,196,392,0,668782248,0,0,0,0,16306884,4095,nan
P-cpu-random/M/particle-row-soa/float64,P-cpu-random,,,50000,4,6,point,point,0,0,0,general,point,particle-row-soa,particle-row-soa,auto,procedural,procedural,portable,cached-dense-m2l-matrix-per-transfer-class,0.0294285,0.0295224,0.0152494,0.0119195,0.000309893,0.000721705,0.000338155,0.000263667,0,0,0,1.01217,0.901499,0,0,0,0,2727260460,2691035868,392,784,0,1255830072,0,0,0,0,16306884,4095,nan
P-cpu-lattice/occ8/auto/general/float32,P-cpu-lattice,,,32768,4,6,point,point,0,1,0,general,point,auto,point-geometry,auto,procedural,procedural,portable,cached-dense-m2l-matrix-per-transfer-class,0.00995677,0.0100252,0.00125644,0.00818443,8.63743e-05,0.00015502,0.000132152,6.8859e-05,0,0,0,0.313678,0.221509,0,0,0,0,28095972,0,196,392,0,0,0,0,0,0,6229504,4096,nan
P-cpu-lattice/occ8/auto/general/float64,P-cpu-lattice,,,32768,4,6,point,point,0,1,0,general,point,auto,point-geometry,auto,procedural,procedural,portable,cached-dense-m2l-matrix-per-transfer-class,0.0138929,0.0138883,0.0012584,0.0118877,9.47655e-05,0.000166453,0.000147765,0.00012125,0,0,0,0.514024,0.420249,0,0,0,0,34736016,0,392,784,0,0,0,0,0,0,6229504,4096,nan
P-cpu-lattice/occ8/auto/hint/float32,P-cpu-lattice,,,32768,4,6,point,point,0,1,0,regular_grid,point,auto,tensor-dictionary,auto,procedural,procedural,portable,cached-dense-m2l-matrix-per-transfer-class,0.00917167,0.00919826,0.000562104,0.00811327,7.73593e-05,0.000132007,0.000119549,7.36562e-05,0,0,0,1.00126,0.907412,0,0,0,0,582690796,554688008,196,392,8651620,255540740,1,172,0,0,6229504,4096,nan
P-cpu-lattice/occ8/auto/hint/float64,P-cpu-lattice,,,32768,4,6,point,point,0,1,0,regular_grid,point,auto,tensor-dictionary,auto,procedural,procedural,portable,cached-dense-m2l-matrix-per-transfer-class,0.0133554,0.0134132,0.000752251,0.0119227,9.69089e-05,0.00016614,0.000148376,0.000108494,0,0,0,0.79808,0.70439,0,0,0,0,1062773144,1028130312,392,784,8655748,479802884,1,172,0,0,6229504,4096,nan
P-cpu-lattice/occ8/point-geometry/general/float32,P-cpu-lattice,,,32768,4,6,point,point,0,1,0,general,point,point-geometry,point-geometry,auto,procedural,procedural,portable,cached-dense-m2l-matrix-per-transfer-class,0.00988061,0.00987824,0.001253,0.00812787,7.66026e-05,0.000132478,0.000109507,5.7498e-05,0,0,0,0.316385,0.220449,0,0,0,0,28095972,0,196,392,0,0,0,0,0,0,6229504,4096,nan
P-cpu-lattice/occ8/point-geometry/general/float64,P-cpu-lattice,,,32768,4,6,point,point,0,1,0,general,point,point-geometry,point-geometry,auto,procedural,procedural,portable,cached-dense-m2l-matrix-per-transfer-class,0.0138943,0.013935,0.00125585,0.011895,9.69462e-05,0.000175644,0.000150013,0.000132251,0,0,0,0.510506,0.416348,0,0,0,0,34736016,0,392,784,0,0,0,0,0,0,6229504,4096,nan
P-cpu-lattice/occ8/tensor-dictionary/general/float32,P-cpu-lattice,,,32768,4,6,point,point,0,1,0,general,point,tensor-dictionary,tensor-dictionary,auto,procedural,procedural,portable,cached-dense-m2l-matrix-per-transfer-class,0.00918415,0.00923297,0.000567599,0.00814071,7.79771e-05,0.000131318,0.000123657,6.62446e-05,0,0,0,1.00256,0.90854,0,0,0,0,582690796,554688008,196,392,8651620,255540740,1,172,0,0,6229504,4096,nan
P-cpu-lattice/occ8/tensor-dictionary/general/float64,P-cpu-lattice,,,32768,4,6,point,point,0,1,0,general,point,tensor-dictionary,tensor-dictionary,auto,procedural,procedural,portable,cached-dense-m2l-matrix-per-transfer-class,0.0134811,0.0134768,0.000746685,0.0119472,9.60414e-05,0.000163277,0.000148702,0.00016638,0,0,0,0.788854,0.695193,0,0,0,0,1062773144,1028130312,392,784,8655748,479802884,1,172,0,0,6229504,4096,nan
P-cpu-expansion/M/auto/float32,P-cpu-expansion,,,50000,4,6,point,point,0,0,0,general,point,auto,point-geometry,auto,procedural,procedural,portable,cached-dense-m2l-matrix-per-transfer-class,0.0118678,0.0118393,0.00305978,0.00811191,0.000103212,0.00013057,0.000111561,0.000112403,0,0,0,0.634246,0.519046,0,0,0,0,29081636,0,196,392,0,0,0,0,0,0,16306884,4095,nan
P-cpu-expansion/M/auto/float64,P-cpu-expansion,,,50000,4,6,point,point,0,0,0,general,point,auto,point-geometry,auto,procedural,procedural,portable,cached-dense-m2l-matrix-per-transfer-class,0.0160116,0.0160243,0.00299719,0.0118929,0.00015205,0.000167317,0.00014742,0.000169671,0,0,0,1.12446,1.00956,0,0,0,0,36410960,0,392,784,0,0,0,0,0,0,16306884,4095,nan
P-cpu-expansion/M/procedural/float32,P-cpu-expansion,,,50000,4,6,point,point,0,0,0,general,point,auto,point-geometry,procedural,procedural,procedural,portable,cached-dense-m2l-matrix-per-transfer-class,0.0118261,0.0118147,0.00305663,0.00811889,0.000103351,0.000132892,0.000111117,9.13393e-05,0,0,0,0.631642,0.517284,0,0,0,0,29081636,0,196,392,0,0,0,0,0,0,16306884,4095,nan
P-cpu-expansion/M/procedural/float64,P-cpu-expansion,,,50000,4,6,point,point,0,0,0,general,point,auto,point-geometry,procedural,procedural,procedural,portable,cached-dense-m2l-matrix-per-transfer-class,0.0163468,0.0169596,0.00315786,0.0125925,0.000174188,0.000194844,0.000192077,0.000192504,0,0,0,1.12514,1.00959,0,0,0,0,36410960,0,392,784,0,0,0,0,0,0,16306884,4095,nan
P-cpu-expansion/M/precomputed/float32,P-cpu-expansion,,,50000,4,6,point,point,0,0,0,general,point,auto,point-geometry,precomputed,precomputed,precomputed,portable,cached-dense-m2l-matrix-per-transfer-class,0.0125639,0.012646,0.00302804,0.00812139,0.000454191,0.000144708,0.000129569,0.000503886,0,0,0,0.659273,0.543876,0,0,0,0,97681048,0,29400000,39200000,0,0,0,0,0,0,16306884,4095,nan
P-cpu-expansion/M/precomputed/float64,P-cpu-expansion,,,50000,4,6,point,point,0,0,0,general,point,auto,point-geometry,precomputed,precomputed,precomputed,portable,cached-dense-m2l-matrix-per-transfer-class,0.0183822,0.0200155,0.00344438,0.0134416,0.00103713,0.000254568,0.000182165,0.00106618,0,0,0,1.17376,1.05787,0,0,0,0,173609784,0,58800000,78400000,0,0,0,0,0,0,16306884,4095,nan
P-cpu-m2l/point-M/cpu-static-matrix/float32,P-cpu-m2l,,,50000,4,6,point,point,0,0,0,general,point,auto,point-geometry,auto,procedural,procedural,portable,cached-dense-m2l-matrix-per-transfer-class,0.0118898,0.0118689,0.00312206,0.00811598,0.000103464,0.000131498,0.000110726,8.44944e-05,0,0,0,0.63388,0.519265,0,0,0,0,29081636,0,196,392,0,0,0,0,0,0,16306884,4095,nan
P-cpu-m2l/prism-N4096/cpu-static-matrix/float32,P-cpu-m2l,,,4096,3,6,prism,prism,0,1,0,general,point,auto,particle-row-soa,auto,procedural,procedural,portable,cached-dense-m2l-matrix-per-transfer-class,0.00104756,0.00104538,0.000135495,0.000777861,1.72978e-05,3.89425e-05,3.14456e-05,1.34959e-05,0,0,0,0.0417856,0.0349588,0,0,0,0,66581468,60683784,196,392,0,27956740,0,0,0,0,681472,512,nan
P-cpu-m2l/point-M/cpu-static-matrix/float64,P-cpu-m2l,,,50000,4,6,point,point,0,0,0,general,point,auto,point-geometry,auto,procedural,procedural,portable,cached-dense-m2l-matrix-per-transfer-class,0.0160457,0.0161312,0.00299051,0.0119551,0.000171843,0.000183362,0.000152375,0.000201282,0,0,0,1.12475,1.00992,0,0,0,0,36410960,0,392,784,0,0,0,0,0,0,16306884,4095,nan
P-cpu-m2l/prism-N4096/cpu-static-matrix/float64,P-cpu-m2l,,,4096,3,6,prism,prism,0,1,0,general,point,auto,particle-row-soa,auto,procedural,procedural,portable,cached-dense-m2l-matrix-per-transfer-class,0.00166713,0.00166899,0.000232704,0.00128652,1.77526e-05,4.31255e-05,3.76533e-05,1.60071e-05,0,0,0,0.0487115,0.0415478,0,0,0,0,122169088,112475656,392,784,0,52489732,0,0,0,0,681472,512,nan
P-cpu-m2l/point-M/cpu-static-matrix-mkl/float32,P-cpu-m2l,,,50000,4,6,point,point,0,0,0,general,point,auto,point-geometry,auto,procedural,procedural,oneMKL,cached-dense-m2l-matrix-per-transfer-class,0.0156885,0.0157323,0.00309853,0.0118784,0.000108743,0.00018574,0.000119091,8.08082e-05,0,0,0,0.662893,0.551256,0,0,0,0,265531064,0,196,392,0,0,0,0,0,0,16306884,4095,nan
P-cpu-m2l/prism-N4096/cpu-static-matrix-mkl/float32,P-cpu-m2l,,,4096,3,6,prism,prism,0,1,0,general,point,auto,particle-row-soa,auto,procedural,procedural,oneMKL,cached-dense-m2l-matrix-per-transfer-class,0.000824398,0.00082694,0.000195657,0.000493215,1.61946e-05,4.29748e-05,3.20066e-05,1.33875e-05,0,0,0,0.0457617,0.038727,0,0,0,0,88107536,60683784,196,392,0,27956740,0,0,0,0,681472,512,nan
P-cpu-m2l/point-M/cpu-static-matrix-mkl/float64,P-cpu-m2l,,,50000,4,6,point,point,0,0,0,general,point,auto,point-geometry,auto,procedural,procedural,oneMKL,cached-dense-m2l-matrix-per-transfer-class,0.0301015,0.0301607,0.00298679,0.025538,0.000226215,0.000459227,0.000263137,0.000123821,0,0,0,1.19731,1.08528,0,0,0,0,501797796,0,392,784,0,0,0,0,0,0,16306884,4095,nan
P-cpu-m2l/prism-N4096/cpu-static-matrix-mkl/float64,P-cpu-m2l,,,4096,3,6,prism,prism,0,1,0,general,point,auto,particle-row-soa,auto,procedural,procedural,oneMKL,cached-dense-m2l-matrix-per-transfer-class,0.00209184,0.00212944,0.000714651,0.00123341,1.84387e-05,4.82851e-05,3.99144e-05,2.38508e-05,0,0,0,0.056688,0.0494318,0,0,0,0,164609140,112475656,392,784,0,52489732,0,0,0,0,681472,512,nan
P-cuda-random/M/auto/float32,P-cuda-random,,,50000,4,6,point,point,0,0,0,general,point,auto,point-geometry,auto,procedural,procedural,custom-cuda,full-device-resident-shared-cuda-target-row-m2l,0.000448698,0.000458506,5.76211e-05,0.000173076,1.23606e-05,8.46877e-05,2.4576e-05,6.144e-06,5.76211e-05,0,0.00036219,0.584052,0.457102,0,0,0,0,135411632,0,75600000,39200000,0,0,0,0,30541636,0,16306884,4095,nan
P-cuda-random/M/point-geometry/float32,P-cuda-random,,,50000,4,6,point,point,0,0,0,general,point,point-geometry,point-geometry,auto,procedural,procedural,custom-cuda,full-device-resident-shared-cuda-target-row-m2l,0.000447424,0.000452455,5.80896e-05,0.000172728,1.23472e-05,8.51856e-05,2.45757e-05,6.144e-06,5.80896e-05,0,0.000362789,0.582906,0.45184,0,0,0,0,135411632,0,75600000,39200000,0,0,0,0,30541636,0,16306884,4095,nan
P-cuda-random/M/leaf-block/float32,P-cuda-random,,,50000,4,6,point,point,0,0,0,general,point,leaf-block,leaf-block,auto,procedural,procedural,custom-cuda,full-device-resident-shared-cuda-target-row-m2l,0.000663445,0.000659986,0.000483451,0.000223627,1.2721e-05,0.000144538,9.6121e-05,8.19168e-06,0.000483451,0,0.000972588,1.8505,0.444783,0,0,0,0,918342068,782930436,75600000,39200000,0,668782248,0,0,420766712,391365216,16306884,4095,nan
P-cuda-lattice/occ8/auto/general/float32,P-cuda-lattice,,,32768,4,6,point,point,0,1,0,general,point,auto,point-geometry,auto,procedural,procedural,custom-cuda,full-device-resident-shared-cuda-target-row-m2l,0.000361984,0.000365703,3.06326e-05,0.00017252,1.14147e-05,5.86525e-05,2.45757e-05,5.63872e-06,3.06326e-05,0,0.00030716,0.272276,0.173716,0,0,0,0,86302384,0,40894464,25690112,0,0,0,0,28477108,0,6229504,4096,nan
P-cuda-lattice/occ8/auto/hint/float32,P-cuda-lattice,,,32768,4,6,point,point,0,1,0,regular_grid,point,auto,point-geometry,auto,procedural,procedural,custom-cuda,full-device-resident-shared-cuda-target-row-m2l,0.000383492,0.000395318,3.06314e-05,0.000172888,1.13139e-05,5.88467e-05,2.4576e-05,5.63808e-06,3.06314e-05,0,0.000307616,0.275141,0.176793,0,0,0,0,86302384,0,40894464,25690112,0,0,0,0,28477108,0,6229504,4096,nan
P-cuda-lattice/occ8/point-geometry/general/float32,P-cuda-lattice,,,32768,4,6,point,point,0,1,0,general,point,point-geometry,point-geometry,auto,procedural,procedural,custom-cuda,full-device-resident-shared-cuda-target-row-m2l,0.00035919,0.000364118,3.04426e-05,0.000172667,1.16246e-05,5.85549e-05,2.45757e-05,5.61824e-06,3.04426e-05,0,0.000307205,0.270988,0.172932,0,0,0,0,86302384,0,40894464,25690112,0,0,0,0,28477108,0,6229504,4096,nan
P-cuda-lattice/occ8/tensor-dictionary/general/float32,P-cuda-lattice,,,32768,4,6,point,point,0,1,0,general,point,tensor-dictionary,tensor-dictionary,auto,procedural,procedural,custom-cuda,full-device-resident-shared-cuda-target-row-m2l,0.000372252,0.000375177,6.71251e-05,0.000172459,2.00499e-05,6.05539e-05,2.45754e-05,5.67872e-06,6.71251e-05,0,0.000354165,0.865344,0.783131,0,0,0,0,385449652,299147268,40894464,25690112,8651620,255540740,1,172,33392760,5504,6229504,4096,nan
P-cuda-lattice/occ8/leaf-block/general/float32,P-cuda-lattice,,,32768,4,6,point,point,0,1,0,general,point,leaf-block,leaf-block,auto,procedural,procedural,custom-cuda,full-device-resident-shared-cuda-target-row-m2l,0.000475384,0.000480525,0.000100677,0.00018153,1.50998e-05,0.000152504,3.07597e-05,6.144e-06,0.000100677,0,0.000490437,0.760581,0.172362,0,0,0,0,385449652,299147268,40894464,25690112,0,255540740,0,0,177120728,149508096,6229504,4096,nan
P-cuda-random/M/auto/float64,P-cuda-random,,,50000,4,6,point,point,0,0,0,general,point,auto,leaf-block,auto,precomputed,precomputed,custom-cuda,full-device-resident-shared-cuda-target-row-m2l,0.00283951,0.00282323,0.00241121,0.00183903,5.93741e-05,0.000219732,0.000157626,9.41904e-05,0.00241121,0,0.00478696,2.12664,0.857344,0,0,0,0,2897810668,2691035868,100800000,78400000,0,1255830072,0,0,971451156,782730432,16306884,4095,nan
P-cuda-random/M/point-geometry/float64,P-cuda-random,,,50000,4,6,point,point,0,0,0,general,point,point-geometry,point-geometry,auto,precomputed,precomputed,custom-cuda,full-device-resident-shared-cuda-target-row-m2l,0.00359472,0.00356323,0.00314603,0.00181813,5.38022e-05,0.000188109,0.000164536,7.98301e-05,0.00314603,0,0.00545453,1.26913,0.861896,0,0,0,0,206774800,0,100800000,78400000,0,0,0,0,192218000,0,16306884,4095,nan
P-cuda-random/M/leaf-block/float64,P-cuda-random,,,50000,4,6,point,point,0,0,0,general,point,leaf-block,leaf-block,auto,precomputed,precomputed,custom-cuda,full-device-resident-shared-cuda-target-row-m2l,0.00276741,0.00279487,0.00241272,0.00184095,5.93504e-05,0.000218933,0.000157885,9.37917e-05,0.00241272,0,0.00478939,2.12943,0.85978,0,0,0,0,2897810668,2691035868,100800000,78400000,0,1255830072,0,0,971451156,782730432,16306884,4095,nan
P-cuda-lattice/occ8/auto/general/float64,P-cuda-lattice,,,32768,4,6,point,point,0,1,0,general,point,auto,leaf-block,auto,precomputed,precomputed,custom-cuda,full-device-resident-shared-cuda-target-row-m2l,0.00233474,0.00237273,0.000243824,0.00178752,3.39197e-05,0.000210355,4.34768e-05,3.35661e-05,0.000243824,0,0.0023564,0.883749,0.332207,0,0,0,0,1160028184,1028130312,54525952,51380224,0,479802884,0,0,415847668,299016192,6229504,4096,nan
P-cuda-lattice/occ8/auto/hint/float64,P-cuda-lattice,,,32768,4,6,point,point,0,1,0,regular_grid,point,auto,tensor-dictionary,auto,precomputed,precomputed,custom-cuda,full-device-resident-shared-cuda-target-row-m2l,0.00230603,0.00232348,0.000184053,0.00178467,3.09398e-05,0.000162928,4.30275e-05,3.0791e-05,0.000184053,0,0.00224006,0.835673,0.658453,0,0,0,0,1160028184,1028130312,54525952,51380224,8655748,479802884,1,172,122614356,8256,6229504,4096,nan
P-cuda-lattice/occ8/point-geometry/general/float64,P-cuda-lattice,,,32768,4,6,point,point,0,1,0,general,point,point-geometry,point-geometry,auto,precomputed,precomputed,custom-cuda,full-device-resident-shared-cuda-target-row-m2l,0.00244571,0.00249642,0.0022158,0.00180734,2.87357e-05,9.90662e-05,9.0399e-05,3.42835e-05,0.0022158,0,0.00427972,0.545233,0.328945,0,0,0,0,131897872,0,54525952,51380224,0,0,0,0,119777616,0,6229504,4096,nan
P-cuda-lattice/occ8/tensor-dictionary/general/float64,P-cuda-lattice,,,32768,4,6,point,point,0,1,0,general,point,tensor-dictionary,tensor-dictionary,auto,precomputed,precomputed,custom-cuda,full-device-resident-shared-cuda-target-row-m2l,0.00270326,0.00269871,0.000480231,0.00178534,3.3016e-05,0.000388918,4.30685e-05,3.07181e-05,0.000480231,0,0.00276504,0.832026,0.654064,0,0,0,0,1160028184,1028130312,54525952,51380224,8655748,479802884,1,172,122614356,8256,6229504,4096,nan
P-cuda-lattice/occ8/leaf-block/general/float64,P-cuda-lattice,,,32768,4,6,point,point,0,1,0,general,point,leaf-block,leaf-block,auto,precomputed,precomputed,custom-cuda,full-device-resident-shared-cuda-target-row-m2l,0.00234866,0.00239413,0.00024363,0.0017893,3.42307e-05,0.000210022,4.33658e-05,3.35667e-05,0.00024363,0,0.00235785,0.883781,0.333108,0,0,0,0,1160028184,1028130312,54525952,51380224,0,479802884,0,0,415847668,299016192,6229504,4096,nan
P-cuda-expansion/M/auto/float32,P-cuda-expansion,,,50000,4,6,point,point,0,0,0,general,point,auto,point-geometry,auto,procedural,procedural,custom-cuda,full-device-resident-shared-cuda-target-row-m2l,0.000448601,0.000461665,5.79338e-05,0.000173302,1.23578e-05,8.53274e-05,2.45754e-05,6.144e-06,5.79338e-05,0,0.000363364,0.578128,0.451368,0,0,0,0,135411632,0,75600000,39200000,0,0,0,0,30541636,0,16306884,4095,nan
P-cuda-expansion/M/auto/float64,P-cuda-expansion,,,50000,4,6,point,point,0,0,0,general,point,auto,leaf-block,auto,precomputed,precomputed,custom-cuda,full-device-resident-shared-cuda-target-row-m2l,0.00283241,0.00293634,0.0024139,0.00184182,5.95139e-05,0.000219715,0.000158048,9.40506e-05,0.0024139,0,0.00479299,2.12101,0.855988,0,0,0,0,2897810668,2691035868,100800000,78400000,0,1255830072,0,0,971451156,782730432,16306884,4095,nan
P-cuda-expansion/M/procedural/float32,P-cuda-expansion,,,50000,4,6,point,point,0,0,0,general,point,auto,point-geometry,procedural,procedural,procedural,custom-cuda,full-device-resident-shared-cuda-target-row-m2l,0.000449053,0.00045877,5.81203e-05,0.000172953,1.23434e-05,8.52659e-05,2.45757e-05,6.144e-06,5.81203e-05,0,0.000363126,0.578989,0.451642,0,0,0,0,135411632,0,75600000,39200000,0,0,0,0,30541636,0,16306884,4095,nan
P-cuda-expansion/M/procedural/float64,P-cuda-expansion,,,50000,4,6,point,point,0,0,0,general,point,auto,leaf-block,procedural,procedural,procedural,custom-cuda,full-device-resident-shared-cuda-target-row-m2l,0.00278953,0.00280087,0.0024346,0.00184351,0.000110499,0.000217652,0.000151404,0.000103256,0.0024346,0,0.00486512,1.92918,0.858112,0,0,0,0,2897810668,2691035868,100800000,78400000,0,1255830072,0,0,822065496,782730432,16306884,4095,nan
P-cuda-expansion/M/precomputed/float32,P-cuda-expansion,,,50000,4,6,point,point,0,0,0,general,point,auto,point-geometry,precomputed,precomputed,precomputed,custom-cuda,full-device-resident-shared-cuda-target-row-m2l,0.00054839,0.000554373,8.92733e-05,0.000181003,3.67533e-05,0.000116797,3.05562e-05,3.62042e-05,8.92733e-05,0,0.00049433,0.731791,0.45072,0,0,0,0,135411632,0,75600000,39200000,0,0,0,0,131127688,0,16306884,4095,nan
P-cuda-expansion/M/precomputed/float64,P-cuda-expansion,,,50000,4,6,point,point,0,0,0,general,point,auto,leaf-block,precomputed,precomputed,precomputed,custom-cuda,full-device-resident-shared-cuda-target-row-m2l,0.00286624,0.00281776,0.00241349,0.00184106,5.98819e-05,0.000219374,0.000158396,9.42986e-05,0.00241349,0,0.00479227,2.12365,0.858491,0,0,0,0,2897810668,2691035868,100800000,78400000,0,1255830072,0,0,971451156,782730432,16306884,4095,nan
P-cuda-finite/prism/regular/auto/general/float32,P-cuda-finite,,,4096,3,6,prism,prism,0,1,0,general,point,auto,leaf-block,auto,procedural,procedural,custom-cuda,full-device-resident-shared-cuda-target-row-m2l,0.000127707,0.00012854,1.00976e-05,2.81674e-05,1.01059e-05,2.42413e-05,1.2288e-05,4.096e-06,1.00976e-05,0,9.27296e-05,0.0721814,0.0182184,0,0,0,0,45906352,32727044,5111808,3211264,0,27956740,0,0,22325312,16355328,681472,512,nan
P-cuda-finite/prism/regular/auto/hint/float32,P-cuda-finite,,,4096,3,6,prism,prism,0,1,0,regular_grid,point,auto,tensor-dictionary,auto,procedural,procedural,custom-cuda,full-device-resident-shared-cuda-target-row-m2l,0.000120953,0.000123098,3.17469e-05,2.8304e-05,7.93792e-06,2.44048e-05,1.2288e-05,4.096e-06,3.17469e-05,0,0.000112515,0.0835723,0.0765101,0,0,0,0,45906352,32727044,5111808,3211264,953220,27956740,1,248,6608608,7936,681472,512,nan
P-cuda-finite/prism/regular/tensor-dictionary/general/float32,P-cuda-finite,,,4096,3,6,prism,prism,0,1,0,general,point,tensor-dictionary,tensor-dictionary,auto,procedural,procedural,custom-cuda,full-device-resident-shared-cuda-target-row-m2l,0.000134181,0.000136201,5.94307e-05,4.11789e-05,7.94208e-06,2.42973e-05,1.22877e-05,4.096e-06,5.94307e-05,0,0.000152972,0.0856751,0.0784794,0,0,0,0,45906352,32727044,5111808,3211264,953220,27956740,1,248,6608608,7936,681472,512,nan
P-cuda-finite/prism/regular/leaf-block/general/float32,P-cuda-finite,,,4096,3,6,prism,prism,0,1,0,general,point,leaf-block,leaf-block,auto,procedural,procedural,custom-cuda,full-device-resident-shared-cuda-target-row-m2l,0.000128344,0.000130458,1.00618e-05,2.8193e-05,1.01008e-05,2.4272e-05,1.2288e-05,4.096e-06,1.00618e-05,0,9.27453e-05,0.0724321,0.0181391,0,0,0,0,45906352,32727044,5111808,3211264,0,27956740,0,0,22325312,16355328,681472,512,nan
P-cuda-finite/prism/irregular/auto/float32,P-cuda-finite,,,4096,3,6,prism,prism,1,0,0,general,point,auto,leaf-block,auto,procedural,procedural,custom-cuda,full-device-resident-shared-cuda-target-row-m2l,0.000126986,0.000128756,1.38256e-05,2.81283e-05,1.02717e-05,2.44266e-05,1.2288e-05,4.11648e-06,1.38256e-05,0,9.67958e-05,0.0859215,0.023087,0,0,0,0,52267600,37813508,6193152,3211264,0,32301428,0,0,24863736,18898560,787440,511,nan
P-cuda-finite/prism/irregular/leaf-block/float32,P-cuda-finite,,,4096,3,6,prism,prism,1,0,0,general,point,leaf-block,leaf-block,auto,procedural,procedural,custom-cuda,full-device-resident-shared-cuda-target-row-m2l,0.000128252,0.00012994,1.37517e-05,2.80886e-05,1.02947e-05,2.44502e-05,1.2288e-05,4.11648e-06,1.37517e-05,0,9.67312e-05,0.0859272,0.0236033,0,0,0,0,52267600,37813508,6193152,3211264,0,32301428,0,0,24863736,18898560,787440,511,nan
P-cuda-finite/tetrahedron/regular/auto/general/float32,P-cuda-finite,,,4096,3,6,tetrahedron,tetrahedron,0,1,0,general,point,auto,leaf-block,auto,procedural,procedural,custom-cuda,full-device-resident-shared-cuda-target-row-m2l,0.000128254,0.000135938,1.00381e-05,2.81626e-05,1.01322e-05,2.43085e-05,1.2288e-05,4.096e-06,1.00381e-05,0,9.2759e-05,0.0744542,0.0184443,0,0,0,0,45906496,32727044,5111808,3211264,0,27956740,0,0,22325312,16355328,681472,512,nan
P-cuda-finite/tetrahedron/regular/auto/hint/float32,P-cuda-finite,,,4096,3,6,tetrahedron,tetrahedron,0,1,0,regular_grid,point,auto,tensor-dictionary,auto,procedural,procedural,custom-cuda,full-device-resident-shared-cuda-target-row-m2l,0.000131813,0.000131732,2.89885e-05,2.84534e-05,7.86816e-06,2.42035e-05,1.22893e-05,4.096e-06,2.89885e-05,0,0.000109637,0.0863498,0.0793229,0,0,0,0,45906496,32727044,5111808,3211264,951756,27956740,1,187,6606656,5984,681472,512,nan
P-cuda-finite/tetrahedron/regular/tensor-dictionary/general/float32,P-cuda-finite,,,4096,3,6,tetrahedron,tetrahedron,0,1,0,general,point,tensor-dictionary,tensor-dictionary,auto,procedural,procedural,custom-cuda,full-device-resident-shared-cuda-target-row-m2l,0.00013228,0.000134021,5.80179e-05,4.02269e-05,7.91296e-06,2.41427e-05,1.22874e-05,4.096e-06,5.80179e-05,0,0.000150422,0.0846228,0.0778046,0,0,0,0,45906496,32727044,5111808,3211264,951756,27956740,1,187,6606656,5984,681472,512,nan
P-cuda-finite/tetrahedron/regular/leaf-block/general/float32,P-cuda-finite,,,4096,3,6,tetrahedron,tetrahedron,0,1,0,general,point,leaf-block,leaf-block,auto,procedural,procedural,custom-cuda,full-device-resident-shared-cuda-target-row-m2l,0.000127405,0.000128065,1.00435e-05,2.81859e-05,1.00582e-05,2.4199e-05,1.22886e-05,4.096e-06,1.00435e-05,0,9.2607e-05,0.0731891,0.0182022,0,0,0,0,45906496,32727044,5111808,3211264,0,27956740,0,0,22325312,16355328,681472,512,nan
P-cuda-finite/tetrahedron/irregular/auto/float32,P-cuda-finite,,,4096,3,6,tetrahedron,tetrahedron,1,0,0,general,point,auto,leaf-block,auto,procedural,procedural,custom-cuda,full-device-resident-shared-cuda-target-row-m2l,0.000126864,0.000128567,1.37734e-05,2.80221e-05,1.03878e-05,2.43507e-05,1.2288e-05,4.11648e-06,1.37734e-05,0,9.66768e-05,0.0936805,0.0224789,0,0,0,0,52857424,37813508,6193152,3211264,0,32301428,0,0,24863736,18898560,787440,511,nan
P-cuda-finite/tetrahedron/irregular/leaf-block/float32,P-cuda-finite,,,4096,3,6,tetrahedron,tetrahedron,1,0,0,general,point,leaf-block,leaf-block,auto,procedural,procedural,custom-cuda,full-device-resident-shared-cuda-target-row-m2l,0.000128821,0.000130146,1.35686e-05,2.81254e-05,1.04749e-05,2.42173e-05,1.22883e-05,4.11648e-06,1.35686e-05,0,9.65309e-05,0.0885485,0.0226821,0,0,0,0,52857424,37813508,6193152,3211264,0,32301428,0,0,24863736,18898560,787440,511,nan
P-cuda-backend/M/cuda-full/float32,P-cuda-backend,,,50000,4,6,point,point,0,0,0,general,point,auto,point-geometry,auto,procedural,procedural,custom-cuda,full-device-resident-shared-cuda-target-row-m2l,0.000447119,0.000452105,5.77478e-05,0.000173015,1.2359e-05,8.51766e-05,2.45754e-05,6.144e-06,5.77478e-05,0,0.000362741,0.574622,0.449471,0,0,0,0,135411632,0,75600000,39200000,0,0,0,0,30541636,0,16306884,4095,nan
P-cuda-backend/M/cuda-full/float64,P-cuda-backend,,,50000,4,6,point,point,0,0,0,general,point,auto,leaf-block,auto,precomputed,precomputed,custom-cuda,full-device-resident-shared-cuda-target-row-m2l,0.00286021,0.00283085,0.00241298,0.00184073,5.94902e-05,0.000219436,0.000157798,9.39414e-05,0.00241298,0,0.00479029,2.12168,0.855565,0,0,0,0,2897810668,2691035868,100800000,78400000,0,1255830072,0,0,971451156,782730432,16306884,4095,nan
P-cuda-backend/occ128/cuda-full/float32,P-cuda-backend,,,65536,3,6,point,point,0,0,0,general,point,auto,point-geometry,auto,procedural,procedural,custom-cuda,full-device-resident-shared-cuda-target-row-m2l,0.000655726,0.000691613,0.000469235,0.000164623,1.39171e-05,0.000179911,1.23072e-05,8.19328e-06,0.000469235,0,0.000852283,5.02196,4.67279,0,0,0,0,158554492,0,99090432,51380224,0,0,0,0,13444764,0,191817334,512,nan
P-cuda-backend/M/cuda-partial/float32,P-cuda-backend,,,50000,4,6,point,point,0,0,0,general,point,auto,point-geometry,auto,procedural,procedural,custom-cuda,shared-cuda-target-row-m2l-and-sparse-list1-p2p,0.00108426,0.0010834,6.99753e-05,0.000394301,9.26402e-05,0.000118975,0.000110431,7.56624e-05,5.54909e-05,0,0.000235784,0.591468,0.456176,0,0,0,0,20990988,0,196,392,0,0,0,0,25749284,0,16306884,4095,nan
P-cuda-backend/M/cuda-partial/float64,P-cuda-backend,,,50000,4,6,point,point,0,0,0,general,point,auto,leaf-block,auto,procedural,procedural,custom-cuda,shared-cuda-target-row-m2l-and-sparse-list1-p2p,0.00328458,0.0032856,0.00061742,0.00221361,0.000120506,0.000152489,0.000221289,9.6194e-05,0.000496512,6.9291e-05,0.00228817,1.91792,0.863402,0,0,0,0,2719356180,2691035868,392,784,0,1255830072,0,0,813507184,782730432,16306884,4095,nan
P-cuda-backend/occ128/cuda-partial/float32,P-cuda-backend,,,65536,3,6,point,point,0,0,0,general,point,auto,point-geometry,auto,procedural,procedural,custom-cuda,shared-cuda-target-row-m2l-and-sparse-list1-p2p,0.000888068,0.000891254,0.000233432,0.000189629,6.89403e-05,4.03725e-05,3.14371e-05,5.57443e-05,0.000473324,0,0.000623682,5.09304,4.73642,0,0,0,0,8371672,0,196,392,0,0,0,0,7874692,0,191817334,512,nan
