case_id,framework,arm,role,dof_per_box,grid,n_bodies,config,status,setup_seconds,first_call_seconds,jit_seconds_estimate,device_evaluation_median_seconds,host_evaluation_median_seconds,host_evaluation_min_seconds,ns_per_body_host,relative_l2,max_absolute_over_reference_rms,max_pointwise_relative,gpu_peak_bytes,gpu_persistent_bytes,gpu_process_mib,near_field,max_depth,failure_reason
article1:external_fmm3d.csv:external_fmm3d_1ea0232cf3f11611,dipfmm,dipfmm point->point o10,point_target_article1,121,10,1000,depth=1,success,73.5972,,,,0.000115386,0.000114465,115.386,3.4334109149135803e-07,,3.338046488582921e-06,,19702920.0,,,,solver bc6adfa888a4 from external_fmm3d.csv
article1:external_fmm3d.csv:external_fmm3d_c07a848d53c93f87,dipfmm,dipfmm point->point o10,point_target_article1,121,10,1000,depth=2,success,73.5832,,,,9.3089e-05,9.25316e-05,93.089,0.00013779672162380157,,0.002150581616846619,,20933028.0,,,,solver bc6adfa888a4 from external_fmm3d.csv
article1:external_fmm3d.csv:external_fmm3d_82872a83bdfab7d2,dipfmm,dipfmm point->point o10,point_target_article1,121,16,4096,depth=1,success,73.6012,,,,0.000903461,0.000886543,220.571533203125,5.021073017417974e-07,,3.6310624933399317e-06,,20074440.0,,,,solver bc6adfa888a4 from external_fmm3d.csv
article1:external_fmm3d.csv:external_fmm3d_d54cc6ab83c47642,dipfmm,dipfmm point->point o10,point_target_article1,121,16,4096,depth=2,success,73.581,,,,0.00010799,0.000106761,26.36474609375,3.3707548398667265e-05,,0.0004990039382080666,,21304548.0,,,,solver bc6adfa888a4 from external_fmm3d.csv
article1:external_fmm3d.csv:external_fmm3d_1299e1e9e1a4717f,dipfmm,dipfmm point->point o10,point_target_article1,121,16,4096,depth=3,success,73.6615,,,,0.000198631,0.000196243,48.493896484375,0.00022550975033136433,,0.00919129322159969,,24525516.0,,,,solver bc6adfa888a4 from external_fmm3d.csv
article1:external_fmm3d.csv:external_fmm3d_d979ad7854493cdb,dipfmm,dipfmm point->point o10,point_target_article1,121,20,8000,depth=1,success,73.6101,,,,0.00510669,0.00505368,638.33625,6.482775133054013e-07,,9.198550044001212e-06,,20542920.0,,,,solver bc6adfa888a4 from external_fmm3d.csv
article1:external_fmm3d.csv:external_fmm3d_3b7daad401142968,dipfmm,dipfmm point->point o10,point_target_article1,121,20,8000,depth=2,success,73.5891,,,,0.000160299,0.000156845,20.037375,2.3217412459183268e-05,,0.0002874260555135782,,21773028.0,,,,solver bc6adfa888a4 from external_fmm3d.csv
article1:external_fmm3d.csv:external_fmm3d_7203f3e78c52a1d8,dipfmm,dipfmm point->point o10,point_target_article1,121,20,8000,depth=3,success,73.6028,,,,0.000213869,0.000211807,26.733625,0.00012265850703861822,,0.0013510188815377617,,24993996.0,,,,solver bc6adfa888a4 from external_fmm3d.csv
article1:external_fmm3d.csv:external_fmm3d_b2330608d82e7008,dipfmm,dipfmm point->point o10,point_target_article1,121,25,15625,depth=1,success,73.6231,,,,0.0239734,0.0239328,1534.2976,9.303105895050866e-07,,4.757334237418107e-06,,21457920.0,,,,solver bc6adfa888a4 from external_fmm3d.csv
article1:external_fmm3d.csv:external_fmm3d_8edc19b4021ad43a,dipfmm,dipfmm point->point o10,point_target_article1,121,25,15625,depth=2,success,73.5766,,,,0.000496512,0.000486572,31.776767999999997,3.959217502387459e-05,,0.00047355686509466775,,22688028.0,,,,solver bc6adfa888a4 from external_fmm3d.csv
article1:external_fmm3d.csv:external_fmm3d_6f2e7dab74b59eb9,dipfmm,dipfmm point->point o10,point_target_article1,121,25,15625,depth=3,success,73.5931,,,,0.000238597,0.000237292,15.270208,0.00037307802727634513,,0.010359659260421355,,25908996.0,,,,solver bc6adfa888a4 from external_fmm3d.csv
article1:external_fmm3d.csv:external_fmm3d_42566b5ff1cc2ef0,dipfmm,dipfmm point->point o10,point_target_article1,121,25,15625,depth=4,success,73.8081,,,,0.00109139,0.00107892,69.84896,0.0023124866206966337,,0.03459886919851881,,48224196.0,,,,solver bc6adfa888a4 from external_fmm3d.csv
article1:external_fmm3d.csv:external_fmm3d_9a7ae53beb89c10b,dipfmm,dipfmm point->point o10,point_target_article1,121,32,32768,depth=1,success,73.6735,,,,0.0886023,0.088252,2703.9276123046875,1.0924411673847269e-06,,3.753995886305984e-06,,23515080.0,,,,solver bc6adfa888a4 from external_fmm3d.csv
article1:external_fmm3d.csv:external_fmm3d_41827286d6d144ba,dipfmm,dipfmm point->point o10,point_target_article1,121,32,32768,depth=2,success,73.6226,,,,0.00156413,0.00149965,47.73345947265625,7.024711373799347e-06,,0.00017084451164776573,,24745188.0,,,,solver bc6adfa888a4 from external_fmm3d.csv
article1:external_fmm3d.csv:external_fmm3d_46afc52d1155e251,dipfmm,dipfmm point->point o10,point_target_article1,121,32,32768,depth=3,success,73.6267,,,,0.000289447,0.000280848,8.833221435546875,2.4177438276936657e-05,,0.00129910385001303,,27966156.0,,,,solver bc6adfa888a4 from external_fmm3d.csv
article1:external_fmm3d.csv:external_fmm3d_e8e4dd5c8ecd5ea1,dipfmm,dipfmm point->point o10,point_target_article1,121,32,32768,depth=4,success,73.7354,,,,0.00110889,0.00107876,33.84063720703125,0.00013256275475947264,,0.003325294929984483,,50281356.0,,,,solver bc6adfa888a4 from external_fmm3d.csv
article1:external_fmm3d.csv:external_fmm3d_4e23db4b1c1ff77c,dipfmm,dipfmm point->point o10,point_target_article1,121,40,64000,depth=2,success,73.6442,,,,0.00629114,0.0062167,98.2990625,5.564868919717245e-06,,3.9173764876560356e-05,,28493028.0,,,,solver bc6adfa888a4 from external_fmm3d.csv
article1:external_fmm3d.csv:external_fmm3d_bacbe0a2c775cde5,dipfmm,dipfmm point->point o10,point_target_article1,121,40,64000,depth=3,success,73.6762,,,,0.000547189,0.000545385,8.549828125,1.3568500988997057e-05,,0.0002053064192324639,,31713996.0,,,,solver bc6adfa888a4 from external_fmm3d.csv
article1:external_fmm3d.csv:external_fmm3d_40ecbdae96a69939,dipfmm,dipfmm point->point o10,point_target_article1,121,40,64000,depth=4,success,73.7656,,,,0.00126494,0.00123674,19.7646875,8.088313525586054e-05,,0.0010941086033688227,,54029196.0,,,,solver bc6adfa888a4 from external_fmm3d.csv
article1:external_fmm3d.csv:external_fmm3d_b2d720e62f711b10,dipfmm,dipfmm point->point o10,point_target_article1,121,50,125000,depth=2,success,73.7148,,,,0.0256608,0.0256472,205.2864,6.606853388890642e-06,,6.103179996185514e-05,,35813028.0,,,,solver bc6adfa888a4 from external_fmm3d.csv
article1:external_fmm3d.csv:external_fmm3d_d5f0b94472006775,dipfmm,dipfmm point->point o10,point_target_article1,121,50,125000,depth=3,success,73.7591,,,,0.00201081,0.00197721,16.08648,2.262431466373806e-05,,0.0004711444711413977,,39033996.0,,,,solver bc6adfa888a4 from external_fmm3d.csv
article1:external_fmm3d.csv:external_fmm3d_eb91c58f8d45d06e,dipfmm,dipfmm point->point o10,point_target_article1,121,50,125000,depth=4,success,73.8651,,,,0.0015156,0.00149527,12.1248,5.284303374506877e-05,,0.0006095956966820423,,61349196.0,,,,solver bc6adfa888a4 from external_fmm3d.csv
article1:external_fmm3d.csv:external_fmm3d_34df516f5367f0ef,dipfmm,dipfmm point->point o10,point_target_article1,121,50,125000,depth=5,success,77.7328,,,,0.00943242,0.009344,75.45936,0.0002824007306874916,,0.0073687506887276195,,251581380.0,,,,solver bc6adfa888a4 from external_fmm3d.csv
article1:external_fmm3d.csv:external_fmm3d_8ffee7e017520bc8,dipfmm,dipfmm point->point o10,point_target_article1,121,64,262144,depth=2,success,73.7608,,,,0.0952338,0.0950767,363.2881164550781,3.3334832857459186e-06,,0.00010143653714097038,,52270308.0,,,,solver bc6adfa888a4 from external_fmm3d.csv
article1:external_fmm3d.csv:external_fmm3d_e6f6a6a21e0caf09,dipfmm,dipfmm point->point o10,point_target_article1,121,64,262144,depth=3,success,73.7927,,,,0.0073579,0.00710111,28.068161010742188,1.20351667744227e-05,,0.0002622531618640799,,55491276.0,,,,solver bc6adfa888a4 from external_fmm3d.csv
article1:external_fmm3d.csv:external_fmm3d_ca6d4835c00128b9,dipfmm,dipfmm point->point o10,point_target_article1,121,64,262144,depth=4,success,74.0583,,,,0.00229188,0.00221239,8.742828369140625,7.853099997747632e-05,,0.0014087232499186233,,77806476.0,,,,solver bc6adfa888a4 from external_fmm3d.csv
article1:external_fmm3d.csv:external_fmm3d_e486009a644ea4bd,dipfmm,dipfmm point->point o10,point_target_article1,121,64,262144,depth=5,success,76.5772,,,,0.00985585,0.00966605,37.597084045410156,0.00016417670590794696,,0.003557704653023959,,268038660.0,,,,solver bc6adfa888a4 from external_fmm3d.csv
article1:external_fmm3d.csv:external_fmm3d_65226c1ff1393b58,dipfmm,dipfmm point->point o10,point_target_article1,121,80,512000,depth=3,success,73.8526,,,,0.0242861,0.0241235,47.4337890625,6.345310697906474e-06,,3.492572145694191e-05,,85473996.0,,,,solver bc6adfa888a4 from external_fmm3d.csv
article1:external_fmm3d.csv:external_fmm3d_46b97e57885574ed,dipfmm,dipfmm point->point o10,point_target_article1,121,80,512000,depth=4,success,73.9671,,,,0.0050102,0.00500097,9.785546875,2.7111528395062817e-05,,0.0007260876511509668,,107789196.0,,,,solver bc6adfa888a4 from external_fmm3d.csv
article1:external_fmm3d.csv:external_fmm3d_a312606b94ae694b,dipfmm,dipfmm point->point o10,point_target_article1,121,80,512000,depth=5,success,76.4114,,,,0.0111888,0.0110604,21.853125,0.00017723575078026576,,0.0028136382286837215,,298021380.0,,,,solver bc6adfa888a4 from external_fmm3d.csv
article1:external_fmm3d.csv:external_fmm3d_1cd307fc31b43c4d,dipfmm,dipfmm point->point o10,point_target_article1,121,100,1000000,depth=3,success,74.1054,,,,0.0786735,0.0783623,78.6735,6.394369857578428e-06,,7.341097982513912e-05,,144033996.0,,,,solver bc6adfa888a4 from external_fmm3d.csv
article1:external_fmm3d.csv:external_fmm3d_21d026515ee06d8b,dipfmm,dipfmm point->point o10,point_target_article1,121,100,1000000,depth=4,success,74.2115,,,,0.0138534,0.0137784,13.8534,1.866908789020675e-05,,0.00023600953870805752,,166349196.0,,,,solver bc6adfa888a4 from external_fmm3d.csv
article1:external_fmm3d.csv:external_fmm3d_78d0571930b8ff9f,dipfmm,dipfmm point->point o10,point_target_article1,121,100,1000000,depth=5,success,76.7031,,,,0.0144985,0.0144424,14.4985,4.216203588362937e-05,,0.00046325554927435054,,356581380.0,,,,solver bc6adfa888a4 from external_fmm3d.csv
article1:external_fmm3d.csv:external_fmm3d_4e215d02ff3c73a1,dipfmm,dipfmm point->point o10,point_target_article1,121,100,1000000,depth=6,success,320.842,,,,0.0870888,0.0868097,87.0888,0.00025534921239371827,,0.00600908974187863,,1951964844.0,,,,solver bc6adfa888a4 from external_fmm3d.csv
article1:external_fmm3d.csv:external_fmm3d_5faa0fd897628842,dipfmm,dipfmm point->point o10,point_target_article1,121,128,2097152,depth=3,success,74.8269,,,,0.336207,0.335995,160.31599044799805,3.46478455036468e-06,,3.310753954880822e-05,,275692236.0,,,,solver bc6adfa888a4 from external_fmm3d.csv
article1:external_fmm3d.csv:external_fmm3d_8652f4d59a3bfb12,dipfmm,dipfmm point->point o10,point_target_article1,121,128,2097152,depth=4,success,74.934,,,,0.0463022,0.0459648,22.078609466552734,7.46009610545002e-06,,7.732454400668094e-05,,298007436.0,,,,solver bc6adfa888a4 from external_fmm3d.csv
article1:external_fmm3d.csv:external_fmm3d_cd37462224420cc0,dipfmm,dipfmm point->point o10,point_target_article1,121,128,2097152,depth=5,success,77.6575,,,,0.0228068,0.0227985,10.875129699707031,1.0450821091765443e-05,,8.339055878948293e-05,,488239620.0,,,,solver bc6adfa888a4 from external_fmm3d.csv
article1:external_fmm3d.csv:external_fmm3d_f15d000ba3efb1fe,dipfmm,dipfmm point->point o10,point_target_article1,121,128,2097152,depth=6,success,323.385,,,,0.0914213,0.0909876,43.59307289123535,0.00013094626289139312,,0.0011263901619583806,,2083623084.0,,,,solver bc6adfa888a4 from external_fmm3d.csv
article1:external_high_order.csv:external_high_order_16c1b100e027f0d6,dipfmm,dipfmm point->point o15,point_target_article1,256,10,1000,depth=1,success,0.168761,,,,0.000114692,0.000114024,114.692,3.468945779492907e-07,,3.338046488582921e-06,,87553780.0,,,,solver 574ec5c9d652 from external_high_order.csv
article1:external_high_order.csv:external_high_order_16aa9b75ec6cc796,dipfmm,dipfmm point->point o15,point_target_article1,256,10,1000,depth=2,success,0.174731,,,,0.000768663,0.000627668,768.663,1.6329311004941763e-05,,0.0002167689253354909,,92352788.0,,,,solver 574ec5c9d652 from external_high_order.csv
article1:external_high_order.csv:external_high_order_e75fe1fced6bc01f,dipfmm,dipfmm point->point o15,point_target_article1,256,16,4096,depth=1,success,0.340751,,,,0.000930915,0.000918903,227.274169921875,5.045424931129549e-07,,3.6310624933399317e-06,,87925300.0,,,,solver 574ec5c9d652 from external_high_order.csv
article1:external_high_order.csv:external_high_order_b6b42cade449f4ac,dipfmm,dipfmm point->point o15,point_target_article1,256,16,4096,depth=2,success,0.328554,,,,0.000172452,0.00017157,42.1025390625,4.441397485991375e-06,,0.0002007646017100959,,92724308.0,,,,solver 574ec5c9d652 from external_high_order.csv
article1:external_high_order.csv:external_high_order_cce487b3face7814,dipfmm,dipfmm point->point o15,point_target_article1,256,16,4096,depth=3,success,0.318936,,,,0.00065851,0.000652197,160.76904296875,3.1996482837398695e-05,,0.0014350562665781262,,100040772.0,,,,solver 574ec5c9d652 from external_high_order.csv
article1:external_high_order.csv:external_high_order_e0c99e57b3db11d5,dipfmm,dipfmm point->point o15,point_target_article1,256,20,8000,depth=1,success,0.531288,,,,0.00517057,0.00516702,646.32125,6.47716429697404e-07,,9.148899459407337e-06,,88393780.0,,,,solver 574ec5c9d652 from external_high_order.csv
article1:external_high_order.csv:external_high_order_32c1fe83e1eabca6,dipfmm,dipfmm point->point o15,point_target_article1,256,20,8000,depth=2,success,0.490705,,,,0.000201462,0.00020059,25.18275,2.406425338435126e-06,,3.7509790501659976e-05,,93192788.0,,,,solver 574ec5c9d652 from external_high_order.csv
article1:external_high_order.csv:external_high_order_a97660bc28b2226c,dipfmm,dipfmm point->point o15,point_target_article1,256,20,8000,depth=3,success,0.514263,,,,0.000682139,0.000676205,85.267375,1.715150691961194e-05,,0.00029429417409581525,,100509252.0,,,,solver 574ec5c9d652 from external_high_order.csv
article1:external_high_order.csv:external_high_order_5b3863ec07ba2c27,dipfmm,dipfmm point->point o15,point_target_article1,256,25,15625,depth=1,success,0.729127,,,,0.0239825,0.0239126,1534.88,9.307337777832857e-07,,4.763898361026269e-06,,89308780.0,,,,solver 574ec5c9d652 from external_high_order.csv
article1:external_high_order.csv:external_high_order_2343afd3c02c354f,dipfmm,dipfmm point->point o15,point_target_article1,256,25,15625,depth=2,success,0.619718,,,,0.000509401,0.000505681,32.60166400000001,6.949205744449956e-06,,0.00011843539817572995,,94107788.0,,,,solver 574ec5c9d652 from external_high_order.csv
article1:external_high_order.csv:external_high_order_5aa4cda12cba8924,dipfmm,dipfmm point->point o15,point_target_article1,256,25,15625,depth=3,success,0.464944,,,,0.000713172,0.000705275,45.643008,0.00010226963994649522,,0.004178905543291664,,101424252.0,,,,solver 574ec5c9d652 from external_high_order.csv
article1:external_high_order.csv:external_high_order_835d394c3a03b929,dipfmm,dipfmm point->point o15,point_target_article1,256,25,15625,depth=4,success,0.561643,,,,0.00428552,0.00427312,274.27328,0.0007331285209147739,,0.011790753792580433,,131864308.0,,,,solver 574ec5c9d652 from external_high_order.csv
article1:external_high_order.csv:external_high_order_e48babfe0403cc43,dipfmm,dipfmm point->point o15,point_target_article1,256,32,32768,depth=1,success,1.73953,,,,0.0882334,0.0881974,2692.669677734375,1.0933371501884844e-06,,3.7475333544496104e-06,,91365940.0,,,,solver 574ec5c9d652 from external_high_order.csv
article1:external_high_order.csv:external_high_order_13710cbe298addea,dipfmm,dipfmm point->point o15,point_target_article1,256,32,32768,depth=2,success,1.62204,,,,0.00152911,0.00151961,46.66473388671875,5.248850170060285e-07,,8.098779867340984e-06,,96164948.0,,,,solver 574ec5c9d652 from external_high_order.csv
article1:external_high_order.csv:external_high_order_f437606223c293a5,dipfmm,dipfmm point->point o15,point_target_article1,256,32,32768,depth=3,success,1.57707,,,,0.000755328,0.000749679,23.05078125,1.1936564822009124e-06,,5.845307381573375e-05,,103481412.0,,,,solver 574ec5c9d652 from external_high_order.csv
article1:external_high_order.csv:external_high_order_b64afabf452e3b10,dipfmm,dipfmm point->point o15,point_target_article1,256,32,32768,depth=4,success,1.70092,,,,0.00435208,0.00431905,132.81494140625,1.3800316734243944e-05,,0.0003054025892508632,,133921468.0,,,,solver 574ec5c9d652 from external_high_order.csv
article1:external_high_order.csv:external_high_order_cc98406ee6d27fef,dipfmm,dipfmm point->point o15,point_target_article1,256,40,64000,depth=2,success,3.01309,,,,0.00627892,0.00625191,98.108125,6.552527477368505e-07,,2.638300963266074e-06,,99912788.0,,,,solver 574ec5c9d652 from external_high_order.csv
article1:external_high_order.csv:external_high_order_bf069f0dfbaf4420,dipfmm,dipfmm point->point o15,point_target_article1,256,40,64000,depth=3,success,2.916,,,,0.00099864,0.000974339,15.603750000000002,6.489357590912679e-07,,1.0836847731612865e-05,,107229252.0,,,,solver 574ec5c9d652 from external_high_order.csv
article1:external_high_order.csv:external_high_order_1f2d5624d0a295ff,dipfmm,dipfmm point->point o15,point_target_article1,256,40,64000,depth=4,success,3.06814,,,,0.00457217,0.00455223,71.44015625,6.876220723120638e-06,,0.00010348806274495066,,137669308.0,,,,solver 574ec5c9d652 from external_high_order.csv
article1:external_high_order.csv:external_high_order_5cb94ee3097f9867,dipfmm,dipfmm point->point o15,point_target_article1,256,50,125000,depth=2,success,5.74037,,,,0.0255495,0.0254913,204.396,9.128503094796351e-07,,5.026421088336913e-06,,107232788.0,,,,solver 574ec5c9d652 from external_high_order.csv
article1:external_high_order.csv:external_high_order_0b24af86abd1d5ee,dipfmm,dipfmm point->point o15,point_target_article1,256,50,125000,depth=3,success,5.60764,,,,0.00192005,0.00188814,15.3604,1.4402395950765188e-06,,4.426814847214669e-05,,114549252.0,,,,solver 574ec5c9d652 from external_high_order.csv
article1:external_high_order.csv:external_high_order_742ed010d21721cb,dipfmm,dipfmm point->point o15,point_target_article1,256,50,125000,depth=4,success,5.62705,,,,0.00491909,0.0048971,39.35272,5.544816302579962e-06,,0.00012090142209348652,,144989308.0,,,,solver 574ec5c9d652 from external_high_order.csv
article1:external_high_order.csv:external_high_order_49b39f6daf24ad78,dipfmm,dipfmm point->point o15,point_target_article1,256,50,125000,depth=5,success,8.41703,,,,0.0371198,0.0367634,296.9584,3.2485610348234496e-05,,0.000793253579750333,,376138556.0,,,,solver 574ec5c9d652 from external_high_order.csv
article1:external_high_order.csv:external_high_order_382540fc54c7e7cf,dipfmm,dipfmm point->point o15,point_target_article1,256,64,262144,depth=2,success,11.6724,,,,0.0952243,0.0952197,363.2518768310547,1.3319362297193014e-06,,2.6948736302135792e-05,,123690068.0,,,,solver 574ec5c9d652 from external_high_order.csv
article1:external_high_order.csv:external_high_order_37eb010969765690,dipfmm,dipfmm point->point o15,point_target_article1,256,64,262144,depth=3,success,11.5201,,,,0.00692825,0.00691591,26.429176330566406,7.587164143366179e-07,,1.9280170812953447e-05,,131006532.0,,,,solver 574ec5c9d652 from external_high_order.csv
article1:external_high_order.csv:external_high_order_380f314ee638bf8f,dipfmm,dipfmm point->point o15,point_target_article1,256,64,262144,depth=4,success,11.7416,,,,0.00560813,0.00559083,21.39331817626953,8.261697994735401e-06,,0.00018561176992746753,,161446588.0,,,,solver 574ec5c9d652 from external_high_order.csv
article1:external_high_order.csv:external_high_order_b7e50857ca68f26d,dipfmm,dipfmm point->point o15,point_target_article1,256,64,262144,depth=5,success,14.6227,,,,0.0373761,0.0371625,142.57850646972656,2.4527758712187834e-05,,0.0005775204524440675,,392595836.0,,,,solver 574ec5c9d652 from external_high_order.csv
article1:external_high_order.csv:external_high_order_5cdb617aed5d2102,dipfmm,dipfmm point->point o15,point_target_article1,256,80,512000,depth=3,success,22.206,,,,0.0260604,0.0252207,50.89921875,6.610779390196406e-07,,4.1609154411703864e-06,,160989252.0,,,,solver 574ec5c9d652 from external_high_order.csv
article1:external_high_order.csv:external_high_order_72a9f4f3267d5d0f,dipfmm,dipfmm point->point o15,point_target_article1,256,80,512000,depth=4,success,21.7476,,,,0.00839443,0.00833557,16.39537109375,1.3975424077717982e-06,,3.846343756898261e-05,,191429308.0,,,,solver 574ec5c9d652 from external_high_order.csv
article1:external_high_order.csv:external_high_order_f09552fc9ae39c6e,dipfmm,dipfmm point->point o15,point_target_article1,256,80,512000,depth=5,success,24.6786,,,,0.0388034,0.0384977,75.787890625,1.674200048281482e-05,,0.0003912358694983402,,422578556.0,,,,solver 574ec5c9d652 from external_high_order.csv
article1:external_high_order.csv:external_high_order_15ff239d418c0a51,dipfmm,dipfmm point->point o15,point_target_article1,256,100,1000000,depth=3,success,43.0216,,,,0.0843695,0.083334,84.3695,9.905012786983988e-07,,6.093545779697059e-06,,219549252.0,,,,solver 574ec5c9d652 from external_high_order.csv
article1:external_high_order.csv:external_high_order_cf9695a981c44332,dipfmm,dipfmm point->point o15,point_target_article1,256,100,1000000,depth=4,success,41.7167,,,,0.0168207,0.0167581,16.8207,9.338471713358825e-07,,1.7914180021242957e-05,,249989308.0,,,,solver 574ec5c9d652 from external_high_order.csv
article1:external_high_order.csv:external_high_order_8d37d2e397ae8719,dipfmm,dipfmm point->point o15,point_target_article1,256,100,1000000,depth=5,success,44.7464,,,,0.0423942,0.0421529,42.3942,2.28666829547574e-06,,6.909196667215891e-05,,481138556.0,,,,solver 574ec5c9d652 from external_high_order.csv
article1:external_high_order.csv:external_high_order_80226924d3af0c9d,dipfmm,dipfmm point->point o15,point_target_article1,256,100,1000000,depth=6,success,289.329,,,,0.33506,0.334496,335.06,4.497190648264546e-05,,0.0006837895835437066,,2380502460.0,,,,solver 574ec5c9d652 from external_high_order.csv
article1:external_high_order.csv:external_high_order_e000c678a714a45a,dipfmm,dipfmm point->point o15,point_target_article1,256,128,2097152,depth=3,success,88.6365,,,,0.34896,0.346977,166.3970947265625,1.0969819674981737e-06,,4.742603792938156e-06,,351207492.0,,,,solver 574ec5c9d652 from external_high_order.csv
article1:external_high_order.csv:external_high_order_3399285dbf6bde55,dipfmm,dipfmm point->point o15,point_target_article1,256,128,2097152,depth=4,success,84.9456,,,,0.049299,0.0489669,23.50759506225586,6.499804421594775e-07,,3.893703540792522e-06,,381647548.0,,,,solver 574ec5c9d652 from external_high_order.csv
article1:external_high_order.csv:external_high_order_fe7ced4c1eaaaf20,dipfmm,dipfmm point->point o15,point_target_article1,256,128,2097152,depth=5,success,87.6592,,,,0.0501262,0.0498171,23.902034759521484,4.457123317717073e-07,,4.465149216712735e-06,,612796796.0,,,,solver 574ec5c9d652 from external_high_order.csv
article1:external_high_order.csv:external_high_order_d5d66b868a231174,dipfmm,dipfmm point->point o15,point_target_article1,256,128,2097152,depth=6,success,349.7,,,,0.340647,0.339789,162.43314743041992,1.353311480291441e-05,,0.00047926258571322753,,2512160700.0,,,,solver 574ec5c9d652 from external_high_order.csv
article1:external_order17.csv:external_order17_860c54c81ea15f15,dipfmm,dipfmm point->point o17,point_target_article1,324,10,1000,depth=1,success,0.262998,,,,0.00013812,0.000136789,138.12,3.457259242907384e-07,,3.3559263757514796e-06,,140091652.0,,,,solver ee0319a89c55 from external_order17.csv
article1:external_order17.csv:external_order17_a180a954103de709,dipfmm,dipfmm point->point o17,point_target_article1,324,10,1000,depth=2,success,0.277379,,,,0.00154317,0.00153586,1543.17,7.0378058945591055e-06,,0.00015094644029026204,,147639908.0,,,,solver ee0319a89c55 from external_order17.csv
article1:external_order17.csv:external_order17_a94a3dee729b7e52,dipfmm,dipfmm point->point o17,point_target_article1,324,16,4096,depth=1,success,0.487026,,,,0.000967251,0.00093288,236.145263671875,5.02569133534417e-07,,3.6099348631877168e-06,,140463172.0,,,,solver ee0319a89c55 from external_order17.csv
article1:external_order17.csv:external_order17_ff8182caa77d5550,dipfmm,dipfmm point->point o17,point_target_article1,324,16,4096,depth=2,success,0.476869,,,,0.0015753,0.00155624,384.5947265625,3.0048408898109968e-06,,0.00019657776678590398,,148011428.0,,,,solver ee0319a89c55 from external_order17.csv
article1:external_order17.csv:external_order17_679171fb7ddf259b,dipfmm,dipfmm point->point o17,point_target_article1,324,16,4096,depth=3,success,0.494392,,,,0.00605351,0.00603667,1477.90771484375,1.1656235561967883e-05,,0.0011780920290208072,,158021316.0,,,,solver ee0319a89c55 from external_order17.csv
article1:external_order17.csv:external_order17_fd75aa4a38e48811,dipfmm,dipfmm point->point o17,point_target_article1,324,20,8000,depth=1,success,0.759394,,,,0.00527965,0.0052681,659.95625,6.467948608496478e-07,,9.128976570099746e-06,,140931652.0,,,,solver ee0319a89c55 from external_order17.csv
article1:external_order17.csv:external_order17_c6956571013a4a55,dipfmm,dipfmm point->point o17,point_target_article1,324,20,8000,depth=2,success,0.727728,,,,0.00160427,0.00158293,200.53375,1.507035694396892e-06,,3.281089824943045e-05,,148479908.0,,,,solver ee0319a89c55 from external_order17.csv
article1:external_order17.csv:external_order17_485c0881c8482cd5,dipfmm,dipfmm point->point o17,point_target_article1,324,20,8000,depth=3,success,0.764133,,,,0.00583964,0.0058235,729.955,1.0327072050352768e-05,,0.00020326982883482497,,158489796.0,,,,solver ee0319a89c55 from external_order17.csv
article1:external_order17.csv:external_order17_0cb9ce7cf6449caa,dipfmm,dipfmm point->point o17,point_target_article1,324,25,15625,depth=1,success,1.0463,,,,0.0241949,0.0241499,1548.4736,9.315999758648021e-07,,4.763898361026269e-06,,141846652.0,,,,solver ee0319a89c55 from external_order17.csv
article1:external_order17.csv:external_order17_89f0de90840cff42,dipfmm,dipfmm point->point o17,point_target_article1,324,25,15625,depth=2,success,0.901296,,,,0.00175271,0.00167003,112.17344,3.47680649528425e-06,,9.110413264252357e-05,,149394908.0,,,,solver ee0319a89c55 from external_order17.csv
article1:external_order17.csv:external_order17_3a936362c76fa417,dipfmm,dipfmm point->point o17,point_target_article1,324,25,15625,depth=3,success,0.647207,,,,0.00600655,0.00589438,384.4192,5.770158894853909e-05,,0.0012721861667455232,,159404796.0,,,,solver ee0319a89c55 from external_order17.csv
article1:external_order17.csv:external_order17_77c449d45ccfaff6,dipfmm,dipfmm point->point o17,point_target_article1,324,25,15625,depth=4,success,0.749481,,,,0.0465943,0.0463231,2982.0352,0.0005077272424115815,,0.010555118037791814,,190372636.0,,,,solver ee0319a89c55 from external_order17.csv
article1:external_order17.csv:external_order17_6fe3c69a138cdbf7,dipfmm,dipfmm point->point o17,point_target_article1,324,32,32768,depth=1,success,2.55821,,,,0.0887185,0.0886745,2707.4737548828125,1.0939499510598114e-06,,3.841287593764012e-06,,143903812.0,,,,solver ee0319a89c55 from external_order17.csv
article1:external_order17.csv:external_order17_cca537410c927829,dipfmm,dipfmm point->point o17,point_target_article1,324,32,32768,depth=2,success,2.43696,,,,0.00175648,0.00172364,53.603515625,4.42438112404207e-07,,5.397281609195128e-06,,151452068.0,,,,solver ee0319a89c55 from external_order17.csv
article1:external_order17.csv:external_order17_b792b4b26b66c1e3,dipfmm,dipfmm point->point o17,point_target_article1,324,32,32768,depth=3,success,2.44856,,,,0.00598808,0.0059337,182.74169921875,4.2105966605003317e-07,,1.7517109315590324e-05,,161461956.0,,,,solver ee0319a89c55 from external_order17.csv
article1:external_order17.csv:external_order17_b9a93620083948e4,dipfmm,dipfmm point->point o17,point_target_article1,324,32,32768,depth=4,success,2.59098,,,,0.0464673,0.0460464,1418.0694580078125,7.519585567387802e-06,,0.00014248872922119625,,192429796.0,,,,solver ee0319a89c55 from external_order17.csv
article1:external_order17.csv:external_order17_e23b367f84e547d2,dipfmm,dipfmm point->point o17,point_target_article1,324,40,64000,depth=2,success,4.51271,,,,0.00625292,0.00622226,97.701875,6.183975017073995e-07,,2.601159402135526e-06,,155199908.0,,,,solver ee0319a89c55 from external_order17.csv
article1:external_order17.csv:external_order17_48accc07d6320180,dipfmm,dipfmm point->point o17,point_target_article1,324,40,64000,depth=3,success,4.49561,,,,0.0058491,0.00567176,91.3921875,3.674101214525284e-07,,3.2559497720276935e-06,,165209796.0,,,,solver ee0319a89c55 from external_order17.csv
article1:external_order17.csv:external_order17_e5cebe8d6926b7e1,dipfmm,dipfmm point->point o17,point_target_article1,324,40,64000,depth=4,success,4.90961,,,,0.0467134,0.0462296,729.896875,4.040884991375715e-06,,6.571308989887042e-05,,196177636.0,,,,solver ee0319a89c55 from external_order17.csv
article1:external_order17.csv:external_order17_00160ebe065bddc3,dipfmm,dipfmm point->point o17,point_target_article1,324,50,125000,depth=2,success,8.88032,,,,0.0257035,0.0256991,205.628,8.74592833953117e-07,,5.404098648468812e-06,,162519908.0,,,,solver ee0319a89c55 from external_order17.csv
article1:external_order17.csv:external_order17_f43c822e742fec4a,dipfmm,dipfmm point->point o17,point_target_article1,324,50,125000,depth=3,success,8.47222,,,,0.00645444,0.00638215,51.63552,1.1152972330851333e-06,,4.695015041537524e-05,,172529796.0,,,,solver ee0319a89c55 from external_order17.csv
article1:external_order17.csv:external_order17_adfc14fe4d67d269,dipfmm,dipfmm point->point o17,point_target_article1,324,50,125000,depth=4,success,8.87374,,,,0.0471108,0.0466309,376.8864,2.098955506781731e-06,,5.840241231652299e-05,,203497636.0,,,,solver ee0319a89c55 from external_order17.csv
article1:external_order17.csv:external_order17_d04e32814f020b2f,dipfmm,dipfmm point->point o17,point_target_article1,324,50,125000,depth=5,success,11.5765,,,,0.431532,0.430229,3452.256,9.939373421186514e-06,,0.00015439596203905453,,407644868.0,,,,solver ee0319a89c55 from external_order17.csv
article1:external_order17.csv:external_order17_b428ded1d227596b,dipfmm,dipfmm point->point o17,point_target_article1,324,64,262144,depth=2,success,17.5998,,,,0.0951747,0.0950815,363.0626678466797,1.328988991796734e-06,,2.700271117366997e-05,,178977188.0,,,,solver ee0319a89c55 from external_order17.csv
article1:external_order17.csv:external_order17_df4a4fc8cf371048,dipfmm,dipfmm point->point o17,point_target_article1,324,64,262144,depth=3,success,17.5546,,,,0.00943747,0.00943556,36.00109100341797,4.971556890144334e-07,,1.100157288272969e-05,,188987076.0,,,,solver ee0319a89c55 from external_order17.csv
article1:external_order17.csv:external_order17_2cb61fefa659da4d,dipfmm,dipfmm point->point o17,point_target_article1,324,64,262144,depth=4,success,17.3626,,,,0.0476828,0.0473462,181.89544677734375,3.58418834379667e-06,,6.314150040387361e-05,,219954916.0,,,,solver ee0319a89c55 from external_order17.csv
article1:external_order17.csv:external_order17_c12f7c8d790748df,dipfmm,dipfmm point->point o17,point_target_article1,324,64,262144,depth=5,success,19.8618,,,,0.430491,0.430408,1642.1928405761719,1.8343348976609156e-05,,0.0004558614180027562,,424102148.0,,,,solver ee0319a89c55 from external_order17.csv
article1:external_order17.csv:external_order17_a05cb725669775db,dipfmm,dipfmm point->point o17,point_target_article1,324,80,512000,depth=3,success,33.5947,,,,0.0236447,0.0236124,46.1810546875,5.852122240424739e-07,,3.176205846036816e-06,,218969796.0,,,,solver ee0319a89c55 from external_order17.csv
article1:external_order17.csv:external_order17_c68871eead8a0876,dipfmm,dipfmm point->point o17,point_target_article1,324,80,512000,depth=4,success,33.8497,,,,0.0503663,0.0502848,98.3716796875,5.869588948689124e-07,,1.6991720488428982e-05,,249937636.0,,,,solver ee0319a89c55 from external_order17.csv
article1:external_order17.csv:external_order17_c020ea6b3f09f66f,dipfmm,dipfmm point->point o17,point_target_article1,324,80,512000,depth=5,success,36.934,,,,0.431053,0.430117,841.900390625,9.530322514682802e-06,,0.00020067567636687956,,454084868.0,,,,solver ee0319a89c55 from external_order17.csv
article1:external_order17.csv:external_order17_2fa6fe343a1cf9ef,dipfmm,dipfmm point->point o17,point_target_article1,324,100,1000000,depth=3,success,63.343,,,,0.0768486,0.0763495,76.8486,9.160773661989522e-07,,5.202775113530749e-06,,277529796.0,,,,solver ee0319a89c55 from external_order17.csv
article1:external_order17.csv:external_order17_44744e1bde2b43f8,dipfmm,dipfmm point->point o17,point_target_article1,324,100,1000000,depth=4,success,65.4563,,,,0.0566887,0.0561576,56.6887,4.94451939976239e-07,,4.302883813212804e-06,,308497636.0,,,,solver ee0319a89c55 from external_order17.csv
article1:external_order17.csv:external_order17_d37d4dcf76d01776,dipfmm,dipfmm point->point o17,point_target_article1,324,100,1000000,depth=5,success,68.465,,,,0.433557,0.433111,433.557,1.2456129446035621e-06,,2.8832316122610817e-05,,512644868.0,,,,solver ee0319a89c55 from external_order17.csv
article1:external_order17.csv:external_order17_e0aa1debb6a1a318,dipfmm,dipfmm point->point o17,point_target_article1,324,100,1000000,depth=6,success,309.876,,,,3.73463,3.72188,3734.63,1.3653100835101964e-05,,0.00019633247991537723,,2125202724.0,,,,solver ee0319a89c55 from external_order17.csv
article1:external_order17.csv:external_order17_82b515d2c975ddc6,dipfmm,dipfmm point->point o17,point_target_article1,324,128,2097152,depth=3,success,132.715,,,,0.311803,0.30575,148.67925643920898,1.0969060903932637e-06,,4.443802049040194e-06,,409188036.0,,,,solver ee0319a89c55 from external_order17.csv
article1:external_order17.csv:external_order17_aa85b3be91866f63,dipfmm,dipfmm point->point o17,point_target_article1,324,128,2097152,depth=4,success,134.289,,,,0.0892324,0.0886662,42.54932403564453,6.199502229300952e-07,,4.65552588008034e-06,,440155876.0,,,,solver ee0319a89c55 from external_order17.csv
article1:external_order17.csv:external_order17_173f150fe1c68c1e,dipfmm,dipfmm point->point o17,point_target_article1,324,128,2097152,depth=5,success,138.069,,,,0.441394,0.439441,210.47306060791016,3.6555755314146617e-07,,4.375682635923586e-06,,644303108.0,,,,solver ee0319a89c55 from external_order17.csv
article1:external_order17.csv:external_order17_6fa77d81d7b03949,dipfmm,dipfmm point->point o17,point_target_article1,324,128,2097152,depth=6,success,398.243,,,,3.73712,3.73353,1781.9976806640625,7.82049436522299e-06,,0.00011389471136416021,,2256860964.0,,,,solver ee0319a89c55 from external_order17.csv
article1:external_order20.csv:external_order20_5c570711f8b3eead,dipfmm,dipfmm point->point o20,point_target_article1,441,10,1000,depth=1,success,0.473559,,,,0.000290657,0.000288329,290.657,3.435245137687378e-07,,3.4438894933531895e-06,,259269768.0,,,,solver ee0319a89c55 from external_order20.csv
article1:external_order20.csv:external_order20_c21fe50586f0cdeb,dipfmm,dipfmm point->point o20,point_target_article1,441,10,1000,depth=2,success,0.495753,,,,0.00227304,0.00222536,2273.04,2.2437555266742114e-06,,4.2396699525827216e-05,,272937168.0,,,,solver ee0319a89c55 from external_order20.csv
article1:external_order20.csv:external_order20_fd28f9e785b5b5de,dipfmm,dipfmm point->point o20,point_target_article1,441,16,4096,depth=1,success,0.825785,,,,0.000942953,0.000911832,230.213134765625,5.050852134042791e-07,,3.617311032284031e-06,,259641288.0,,,,solver ee0319a89c55 from external_order20.csv
article1:external_order20.csv:external_order20_570cd57d82a2efc7,dipfmm,dipfmm point->point o20,point_target_article1,441,16,4096,depth=2,success,0.817771,,,,0.00228549,0.00218312,557.98095703125,1.1778172475910278e-06,,8.883544938046069e-05,,273308688.0,,,,solver ee0319a89c55 from external_order20.csv
article1:external_order20.csv:external_order20_d736944f70a5e390,dipfmm,dipfmm point->point o20,point_target_article1,441,16,4096,depth=3,success,0.844192,,,,0.0104961,0.0103064,2562.5244140625,3.6105787212271975e-06,,0.00023462341769707717,,290066712.0,,,,solver ee0319a89c55 from external_order20.csv
article1:external_order20.csv:external_order20_60b9d71f48f963e4,dipfmm,dipfmm point->point o20,point_target_article1,441,20,8000,depth=1,success,1.32347,,,,0.00513809,0.00511335,642.26125,6.455214118988577e-07,,8.914633469262609e-06,,260109768.0,,,,solver ee0319a89c55 from external_order20.csv
article1:external_order20.csv:external_order20_540fe03dc8f57054,dipfmm,dipfmm point->point o20,point_target_article1,441,20,8000,depth=2,success,1.26592,,,,0.00236237,0.00225978,295.29625,6.537377729024876e-07,,1.0001436686901083e-05,,273777168.0,,,,solver ee0319a89c55 from external_order20.csv
article1:external_order20.csv:external_order20_8b1a01ab68b7d3c1,dipfmm,dipfmm point->point o20,point_target_article1,441,20,8000,depth=3,success,1.27294,,,,0.010637,0.0105356,1329.625,3.775554195332636e-06,,8.209959348383474e-05,,290535192.0,,,,solver ee0319a89c55 from external_order20.csv
article1:external_order20.csv:external_order20_2250151434940aff,dipfmm,dipfmm point->point o20,point_target_article1,441,25,15625,depth=1,success,1.75795,,,,0.0241509,0.0239877,1545.6576,9.298059847040348e-07,,4.763898361026269e-06,,261024768.0,,,,solver ee0319a89c55 from external_order20.csv
article1:external_order20.csv:external_order20_50851cc1dd735f11,dipfmm,dipfmm point->point o20,point_target_article1,441,25,15625,depth=2,success,1.49572,,,,0.00268266,0.0025978,171.69024,1.6351201415150277e-06,,2.9430145724990537e-05,,274692168.0,,,,solver ee0319a89c55 from external_order20.csv
article1:external_order20.csv:external_order20_8f17d9925f654365,dipfmm,dipfmm point->point o20,point_target_article1,441,25,15625,depth=3,success,0.975444,,,,0.0107582,0.0104849,688.5248,2.8386373782883686e-05,,0.0012179824572128098,,291450192.0,,,,solver ee0319a89c55 from external_order20.csv
article1:external_order20.csv:external_order20_cddc17d5bd70e689,dipfmm,dipfmm point->point o20,point_target_article1,441,25,15625,depth=4,success,1.0375,,,,0.149039,0.134324,9538.496,0.00022448362395975966,,0.0035488724638421685,,334198104.0,,,,solver ee0319a89c55 from external_order20.csv
article1:external_order20.csv:external_order20_aff52f12fa3df3f0,dipfmm,dipfmm point->point o20,point_target_article1,441,32,32768,depth=1,success,4.17824,,,,0.0885147,0.0884466,2701.2542724609375,1.0933358192314693e-06,,3.841287593764012e-06,,263081928.0,,,,solver ee0319a89c55 from external_order20.csv
article1:external_order20.csv:external_order20_353be05a9715a1dc,dipfmm,dipfmm point->point o20,point_target_article1,441,32,32768,depth=2,success,4.03313,,,,0.0028719,0.0028125,87.6434326171875,4.322423854692133e-07,,4.019030240955152e-06,,276749328.0,,,,solver ee0319a89c55 from external_order20.csv
article1:external_order20.csv:external_order20_e91fd8a9256170e9,dipfmm,dipfmm point->point o20,point_target_article1,441,32,32768,depth=3,success,3.91877,,,,0.0108511,0.010708,331.1492919921875,2.3482807083452932e-07,,1.6995034928248902e-06,,293507352.0,,,,solver ee0319a89c55 from external_order20.csv
article1:external_order20.csv:external_order20_14513d425a2d0c80,dipfmm,dipfmm point->point o20,point_target_article1,441,32,32768,depth=4,success,4.11043,,,,0.152948,0.147961,4667.6025390625,2.178880970194336e-06,,4.364301056926833e-05,,336255264.0,,,,solver ee0319a89c55 from external_order20.csv
article1:external_order20.csv:external_order20_0c590b8f3b58365c,dipfmm,dipfmm point->point o20,point_target_article1,441,40,64000,depth=2,success,7.47238,,,,0.0062254,0.00620784,97.271875,6.188900936977424e-07,,2.593054421133579e-06,,280497168.0,,,,solver ee0319a89c55 from external_order20.csv
article1:external_order20.csv:external_order20_d530f50a22231af5,dipfmm,dipfmm point->point o20,point_target_article1,441,40,64000,depth=3,success,7.43165,,,,0.0109703,0.0106699,171.4109375,3.304066794613964e-07,,2.0829207779086604e-06,,297255192.0,,,,solver ee0319a89c55 from external_order20.csv
article1:external_order20.csv:external_order20_6ba2c5b1ac932e0d,dipfmm,dipfmm point->point o20,point_target_article1,441,40,64000,depth=4,success,7.49566,,,,0.154553,0.15133,2414.890625,7.571371179701111e-07,,7.92363901023135e-06,,340003104.0,,,,solver ee0319a89c55 from external_order20.csv
article1:external_order20.csv:external_order20_7872663415e23e29,dipfmm,dipfmm point->point o20,point_target_article1,441,50,125000,depth=2,success,14.493,,,,0.0260153,0.0259749,208.1224,8.585984726991035e-07,,5.4019010500611025e-06,,287817168.0,,,,solver ee0319a89c55 from external_order20.csv
article1:external_order20.csv:external_order20_e19d11105388f5aa,dipfmm,dipfmm point->point o20,point_target_article1,441,50,125000,depth=3,success,14.492,,,,0.0125736,0.0123622,100.5888,4.4294890732727245e-07,,7.2802830170844095e-06,,304575192.0,,,,solver ee0319a89c55 from external_order20.csv
article1:external_order20.csv:external_order20_207ea32125eaedd5,dipfmm,dipfmm point->point o20,point_target_article1,441,50,125000,depth=4,success,14.063,,,,0.159611,0.152031,1276.888,5.407410852865692e-07,,1.728129395789289e-05,,347323104.0,,,,solver ee0319a89c55 from external_order20.csv
article1:external_order20.csv:external_order20_6e80354fd388d90d,dipfmm,dipfmm point->point o20,point_target_article1,441,50,125000,depth=5,success,16.7951,,,,1.66737,1.65941,13338.96,3.192576728082493e-06,,7.399544495998692e-05,,603505896.0,,,,solver ee0319a89c55 from external_order20.csv
article1:external_order20.csv:external_order20_a7884330102a4d81,dipfmm,dipfmm point->point o20,point_target_article1,441,64,262144,depth=2,success,29.1642,,,,0.0951815,0.0937125,363.08860778808594,1.3314687566978728e-06,,2.7112257890036783e-05,,304274448.0,,,,solver ee0319a89c55 from external_order20.csv
article1:external_order20.csv:external_order20_d22ebdd27a2cab23,dipfmm,dipfmm point->point o20,point_target_article1,441,64,262144,depth=3,success,28.9333,,,,0.0153676,0.0152076,58.62274169921875,4.5874075026863974e-07,,8.812815385630137e-06,,321032472.0,,,,solver ee0319a89c55 from external_order20.csv
article1:external_order20.csv:external_order20_fd5247641a8c78fd,dipfmm,dipfmm point->point o20,point_target_article1,441,64,262144,depth=4,success,28.2393,,,,0.161659,0.138316,616.6801452636719,1.1724112513181496e-06,,2.6617282010715825e-05,,363780384.0,,,,solver ee0319a89c55 from external_order20.csv
article1:external_order20.csv:external_order20_1b93ddbd55ccc2a8,dipfmm,dipfmm point->point o20,point_target_article1,441,64,262144,depth=5,success,30.9612,,,,1.65058,1.64285,6296.4630126953125,4.297347066230277e-06,,0.00010729785681733826,,619963176.0,,,,solver ee0319a89c55 from external_order20.csv
article1:external_order20.csv:external_order20_d1452bd708994e19,dipfmm,dipfmm point->point o20,point_target_article1,441,80,512000,depth=3,success,55.8106,,,,0.0276928,0.0276895,54.0875,5.826129293156002e-07,,3.0618688243972807e-06,,351015192.0,,,,solver ee0319a89c55 from external_order20.csv
article1:external_order20.csv:external_order20_f219aa9011852d67,dipfmm,dipfmm point->point o20,point_target_article1,441,80,512000,depth=4,success,54.8415,,,,0.155658,0.142883,304.01953125,3.814379820983419e-07,,5.380847241452833e-06,,393763104.0,,,,solver ee0319a89c55 from external_order20.csv
article1:external_order20.csv:external_order20_e8e89238036853df,dipfmm,dipfmm point->point o20,point_target_article1,441,80,512000,depth=5,success,58.1895,,,,1.67634,1.65982,3274.1015625,3.1247121909168457e-06,,6.995199354678764e-05,,649945896.0,,,,solver ee0319a89c55 from external_order20.csv
article1:external_order20.csv:external_order20_513ae8cc53162a39,dipfmm,dipfmm point->point o20,point_target_article1,441,100,1000000,depth=3,success,108.36,,,,0.0837335,0.0836376,83.7335,9.175265955465858e-07,,5.060514492214447e-06,,409575192.0,,,,solver ee0319a89c55 from external_order20.csv
article1:external_order20.csv:external_order20_a4f0d53e4d6c47d8,dipfmm,dipfmm point->point o20,point_target_article1,441,100,1000000,depth=4,success,108.9,,,,0.190826,0.190072,190.826,4.132740930789756e-07,,2.6757295590654878e-06,,452323104.0,,,,solver ee0319a89c55 from external_order20.csv
article1:external_order20.csv:external_order20_e786567a29f3bab2,dipfmm,dipfmm point->point o20,point_target_article1,441,100,1000000,depth=5,success,109.18,,,,1.69033,1.67465,1690.33,3.228512792762538e-07,,4.807219143387141e-06,,708505896.0,,,,solver ee0319a89c55 from external_order20.csv
article1:external_order20.csv:external_order20_bce8ff7fdfb904b1,dipfmm,dipfmm point->point o20,point_target_article1,441,100,1000000,depth=6,success,403.948,,,,14.5096,14.3514,14509.6,4.180554081596561e-06,,6.676906772290664e-05,,2695143216.0,,,,solver ee0319a89c55 from external_order20.csv
article1:external_order20.csv:external_order20_23b13b8c6e36b024,dipfmm,dipfmm point->point o20,point_target_article1,441,128,2097152,depth=3,success,236.104,,,,0.308565,0.3084,147.13525772094727,1.0871346148450063e-06,,4.350848452267631e-06,,541233432.0,,,,solver ee0319a89c55 from external_order20.csv
article1:external_order20.csv:external_order20_38f7cfe71993b123,dipfmm,dipfmm point->point o20,point_target_article1,441,128,2097152,depth=4,success,231.766,,,,0.223995,0.223599,106.80913925170898,6.147352584264465e-07,,4.2931018685079335e-06,,583981344.0,,,,solver ee0319a89c55 from external_order20.csv
article1:external_order20.csv:external_order20_529ca5e23515ac09,dipfmm,dipfmm point->point o20,point_target_article1,441,128,2097152,depth=5,success,222.648,,,,1.68701,1.67063,804.4290542602539,3.546001191108567e-07,,4.184753840187249e-06,,840164136.0,,,,solver ee0319a89c55 from external_order20.csv
article1:external_order20.csv:external_order20_4495f7cd8c7a9633,dipfmm,dipfmm point->point o20,point_target_article1,441,128,2097152,depth=6,success,482.21,,,,14.4261,14.4226,6878.900527954102,2.238424673945681e-06,,3.466413119206387e-05,,2826801456.0,,,,solver ee0319a89c55 from external_order20.csv
article1:scaling.csv:scaling_1cd02e9901f0ae7d,dipfmm,dipfmm point->point o6,point_target_article1,49,10,1000,depth=1,success,0.122364,,,,0.000119756,0.000119214,119.756,2.795947889154354e-07,,2.7523189598611875e-06,,7452656.0,,,,solver 39a59c96136a from scaling.csv
article1:scaling.csv:scaling_bf00d0223a95ce7f,dipfmm,dipfmm point->point o6,point_target_article1,49,10,1000,depth=1,success,0.00795268,,,,0.000103003,0.00010282,103.003,3.440925830657782e-07,,3.404958045731803e-06,,3349992.0,,,,solver 39a59c96136a from scaling.csv
article1:scaling.csv:scaling_970a92ddcacfbaf2,dipfmm,dipfmm point->point o6,point_target_article1,49,10,1000,depth=2,success,0.0087821,,,,7.12593e-05,7.07399e-05,71.2593,0.001577774818338017,,0.02160164777880402,,3673308.0,,,,solver 39a59c96136a from scaling.csv
article1:scaling.csv:scaling_cf2e028f1aa66821,dipfmm,dipfmm point->point o6,point_target_article1,49,10,1000,depth=2,success,0.0305703,,,,0.000149036,0.000148238,149.036,0.0015777687401494398,,0.021601744621250432,,6041588.0,,,,solver 39a59c96136a from scaling.csv
article1:scaling.csv:scaling_7f4b9c7467a97c36,dipfmm,dipfmm point->point o6,point_target_article1,49,16,4096,depth=1,success,0.00944679,,,,0.00087538,0.00086794,213.7158203125,5.040421954509328e-07,,3.6310624933399317e-06,,3721512.0,,,,solver 39a59c96136a from scaling.csv
article1:scaling.csv:scaling_f9d9f0150deb31a5,dipfmm,dipfmm point->point o6,point_target_article1,49,16,4096,depth=1,success,2.457,,,,0.000216578,0.00021583,52.87548828125,4.023833415508069e-07,,3.051126988141993e-06,,46105968.0,,,,solver 39a59c96136a from scaling.csv
article1:scaling.csv:scaling_71c81073f5f4e0f2,dipfmm,dipfmm point->point o6,point_target_article1,49,16,4096,depth=2,success,0.54635,,,,0.000346519,0.000340155,84.599365234375,0.0005403369724587961,,0.007956946239529293,,20408388.0,,,,solver 39a59c96136a from scaling.csv
article1:scaling.csv:scaling_8c4ea85c6e119b4c,dipfmm,dipfmm point->point o6,point_target_article1,49,16,4096,depth=2,success,0.0103822,,,,8.32013e-05,8.20203e-05,20.3128173828125,0.0005403269770882851,,0.007957509203289116,,4044828.0,,,,solver 39a59c96136a from scaling.csv
article1:scaling.csv:scaling_3386573022a72ba0,dipfmm,dipfmm point->point o6,point_target_article1,49,16,4096,depth=3,success,0.0170164,,,,0.000108712,0.000107685,26.541015625,0.0018119518751609544,,0.06977923095329132,,6080156.0,,,,solver 39a59c96136a from scaling.csv
article1:scaling.csv:scaling_7d38e0489162718a,dipfmm,dipfmm point->point o6,point_target_article1,49,16,4096,depth=3,success,0.0976108,,,,0.000108634,0.000107561,26.52197265625,0.0018119438387207583,,0.06977702860925122,,15502660.0,,,,solver 39a59c96136a from scaling.csv
article1:scaling.csv:scaling_226857fa5adf19a9,dipfmm,dipfmm point->point o6,point_target_article1,49,20,8000,depth=1,success,0.0112988,,,,0.00516012,0.00515142,645.015,6.457554910122835e-07,,9.582865963207211e-06,,4189992.0,,,,solver 39a59c96136a from scaling.csv
article1:scaling.csv:scaling_e0b740275b26f2b8,dipfmm,dipfmm point->point o6,point_target_article1,49,20,8000,depth=1,success,9.30645,,,,0.000585531,0.000580923,73.191375,5.575482689511346e-07,,7.997108447987273e-06,,149372912.0,,,,solver 39a59c96136a from scaling.csv
article1:scaling.csv:scaling_79da5f2c98c0247d,dipfmm,dipfmm point->point o6,point_target_article1,49,20,8000,depth=2,success,2.27297,,,,0.000343623,0.000341793,42.952875,0.0003828312316751143,,0.0028596786377902347,,51866580.0,,,,solver 39a59c96136a from scaling.csv
article1:scaling.csv:scaling_ac2cc44acba5024b,dipfmm,dipfmm point->point o6,point_target_article1,49,20,8000,depth=2,success,0.0122693,,,,0.000136266,0.000136235,17.03325,0.00038283391852758587,,0.0028584710153793957,,4513308.0,,,,solver 39a59c96136a from scaling.csv
article1:scaling.csv:scaling_254e592a06d433ca,dipfmm,dipfmm point->point o6,point_target_article1,49,20,8000,depth=3,success,0.344876,,,,0.000256409,0.000255907,32.051125,0.0017864067552819333,,0.036782780968098255,,26932580.0,,,,solver 39a59c96136a from scaling.csv
article1:scaling.csv:scaling_2e57e2f279dad756,dipfmm,dipfmm point->point o6,point_target_article1,49,20,8000,depth=3,success,0.0194516,,,,0.000114358,0.000114241,14.29475,0.001786402706049269,,0.03678282445026682,,6548636.0,,,,solver 39a59c96136a from scaling.csv
article1:scaling.csv:scaling_b5aeba76b80c1425,dipfmm,dipfmm point->point o6,point_target_article1,49,25,15625,depth=1,success,0.015088,,,,0.0240554,0.0239952,1539.5456,9.306871564826881e-07,,4.777043077208283e-06,,5104992.0,,,,solver 39a59c96136a from scaling.csv
article1:scaling.csv:scaling_08e2f989ac4c42f1,dipfmm,dipfmm point->point o6,point_target_article1,49,25,15625,depth=2,success,0.0162146,,,,0.000487515,0.000474867,31.20096,0.00041853772424526345,,0.0036379828959812025,,5428308.0,,,,solver 39a59c96136a from scaling.csv
article1:scaling.csv:scaling_7196def666458399,dipfmm,dipfmm point->point o6,point_target_article1,49,25,15625,depth=2,success,9.469,,,,0.000899569,0.000872578,57.572416,0.00041857129698037824,,0.003638392527583132,,144118590.0,,,,solver 39a59c96136a from scaling.csv
article1:scaling.csv:scaling_183c331c5bc80a05,dipfmm,dipfmm point->point o6,point_target_article1,49,25,15625,depth=3,success,0.0230516,,,,0.000137007,0.000136695,8.768448,0.002587499519512232,,0.05030170106088203,,7463636.0,,,,solver 39a59c96136a from scaling.csv
article1:scaling.csv:scaling_d16ce10d61f994a9,dipfmm,dipfmm point->point o6,point_target_article1,49,25,15625,depth=3,success,1.11869,,,,0.000630882,0.000622288,40.376448,0.002587497101459639,,0.050302291609621776,,56100482.0,,,,solver 39a59c96136a from scaling.csv
article1:scaling.csv:scaling_92aead7e28fff449,dipfmm,dipfmm point->point o6,point_target_article1,49,25,15625,depth=4,success,0.125194,,,,0.00032617,0.000325284,20.87488,0.012012893821740363,,0.20455198974012612,,26485484.0,,,,solver 39a59c96136a from scaling.csv
article1:scaling.csv:scaling_f6d1ff8277ca1412,dipfmm,dipfmm point->point o6,point_target_article1,49,25,15625,depth=4,success,0.337455,,,,0.000321058,0.000317404,20.547712,0.012012902525220597,,0.2045517338876095,,58912786.0,,,,solver 39a59c96136a from scaling.csv
article1:scaling.csv:scaling_064a30ac92b06585,dipfmm,dipfmm point->point o6,point_target_article1,49,32,32768,depth=1,success,0.0232911,,,,0.088537,0.0885209,2701.934814453125,1.0930839501482125e-06,,3.841287593764012e-06,,7162152.0,,,,solver 39a59c96136a from scaling.csv
article1:scaling.csv:scaling_6f9ec3f55b6e257a,dipfmm,dipfmm point->point o6,point_target_article1,49,32,32768,depth=2,success,50.6285,,,,0.00281664,0.00268091,85.95703125,0.00014017477910622237,,0.0022161502914817754,,597233764.0,,,,solver 39a59c96136a from scaling.csv
article1:scaling.csv:scaling_93f73b1ec27e2a60,dipfmm,dipfmm point->point o6,point_target_article1,49,32,32768,depth=2,success,0.0248269,,,,0.00152759,0.00152566,46.61834716796875,0.000140152664955532,,0.0022158949077884234,,7485468.0,,,,solver 39a59c96136a from scaling.csv
article1:scaling.csv:scaling_c69c3280211828e9,dipfmm,dipfmm point->point o6,point_target_article1,49,32,32768,depth=3,success,5.93886,,,,0.000580767,0.00057729,17.723602294921875,0.00038397813694203566,,0.011226103917666075,,161555780.0,,,,solver 39a59c96136a from scaling.csv
article1:scaling.csv:scaling_f868366dc33d9e91,dipfmm,dipfmm point->point o6,point_target_article1,49,32,32768,depth=3,success,0.0323659,,,,0.000201619,0.000199914,6.152923583984375,0.0003839852214628521,,0.011226486364956777,,9520796.0,,,,solver 39a59c96136a from scaling.csv
article1:scaling.csv:scaling_1d82a3c84c6d952e,dipfmm,dipfmm point->point o6,point_target_article1,49,32,32768,depth=4,success,0.877089,,,,0.000400225,0.000394328,12.213897705078125,0.001817978344530886,,0.014097689732077368,,105576828.0,,,,solver 39a59c96136a from scaling.csv
article1:scaling.csv:scaling_f69c76e2391f16fe,dipfmm,dipfmm point->point o6,point_target_article1,49,32,32768,depth=4,success,0.133611,,,,0.000362141,0.00035838,11.051666259765625,0.001817990118846759,,0.014097807044643444,,28542644.0,,,,solver 39a59c96136a from scaling.csv
article1:scaling.csv:scaling_6035e0ccb1e1cf05,dipfmm,dipfmm point->point o6,point_target_article1,49,40,64000,depth=2,success,0.0401737,,,,0.00617089,0.00616089,96.42015625,8.987187283613144e-05,,0.0006161326689876926,,11233308.0,,,,solver 39a59c96136a from scaling.csv
article1:scaling.csv:scaling_7d0955bffc87952f,dipfmm,dipfmm point->point o6,point_target_article1,49,40,64000,depth=2,success,201.062,,,,0.0105965,0.0105289,165.5703125,8.987099335683629e-05,,0.0006159438906892557,,4140183812.0,,,,solver 39a59c96136a from scaling.csv
article1:scaling.csv:scaling_b80510db47ccca2b,dipfmm,dipfmm point->point o6,point_target_article1,49,40,64000,depth=3,success,27.6936,,,,0.00201474,0.00199131,31.4803125,0.00023577986834378653,,0.0019214748055946843,,472664916.0,,,,solver 39a59c96136a from scaling.csv
article1:scaling.csv:scaling_e99b638af041bc88,dipfmm,dipfmm point->point o6,point_target_article1,49,40,64000,depth=3,success,0.0474328,,,,0.000470874,0.000470445,7.35740625,0.0002357714233512245,,0.001921253661400739,,13268636.0,,,,solver 39a59c96136a from scaling.csv
article1:scaling.csv:scaling_6dbf64d33dcc13ab,dipfmm,dipfmm point->point o6,point_target_article1,49,40,64000,depth=4,success,2.82988,,,,0.000749223,0.000748455,11.706609375,0.001435300814413285,,0.013936225120280523,,202467932.0,,,,solver 39a59c96136a from scaling.csv
article1:scaling.csv:scaling_e88ea49d85aff2a4,dipfmm,dipfmm point->point o6,point_target_article1,49,40,64000,depth=4,success,0.150545,,,,0.000471721,0.000468481,7.370640625,0.0014352958295312465,,0.01393687302312697,,32290484.0,,,,solver 39a59c96136a from scaling.csv
article1:scaling.csv:scaling_76e66aabac8ae0ea,dipfmm,dipfmm point->point o6,point_target_article1,49,50,125000,depth=2,success,0.0709418,,,,0.0255153,0.0254718,204.1224,0.00010813823388634051,,0.0014951410666944544,,18553308.0,,,,solver 39a59c96136a from scaling.csv
article1:scaling.csv:scaling_6f21de512bb8b05d,dipfmm,dipfmm point->point o6,point_target_article1,49,50,125000,depth=3,success,127.899,,,,0.00648502,0.0064437,51.88016,0.0003961887847873245,,0.004322509581304961,,1462098484.0,,,,solver 39a59c96136a from scaling.csv
article1:scaling.csv:scaling_91cf96e5fad64fcc,dipfmm,dipfmm point->point o6,point_target_article1,49,50,125000,depth=3,success,0.0795418,,,,0.00175404,0.00172742,14.03232,0.00039618036211924387,,0.004322719233040239,,20588636.0,,,,solver 39a59c96136a from scaling.csv
article1:scaling.csv:scaling_b9362a443471645f,dipfmm,dipfmm point->point o6,point_target_article1,49,50,125000,depth=4,success,12.0203,,,,0.00183734,0.00180016,14.69872,0.00095689310330407,,0.014282405766138755,,456744924.0,,,,solver 39a59c96136a from scaling.csv
article1:scaling.csv:scaling_c06df4953c77007d,dipfmm,dipfmm point->point o6,point_target_article1,49,50,125000,depth=4,success,0.183438,,,,0.000710175,0.000706054,5.6814,0.0009568917853851352,,0.014282135231227575,,39610484.0,,,,solver 39a59c96136a from scaling.csv
article1:scaling.csv:scaling_9492e52bad1f59d9,dipfmm,dipfmm point->point o6,point_target_article1,49,50,125000,depth=5,success,4.37089,,,,0.00244055,0.00243131,19.5244,0.003845007131167927,,0.05089794285614117,,477718900.0,,,,solver 39a59c96136a from scaling.csv
article1:scaling.csv:scaling_d785cb3a09b7b302,dipfmm,dipfmm point->point o6,point_target_article1,49,50,125000,depth=5,success,2.62425,,,,0.00240216,0.00239519,19.21728,0.003844996471930429,,0.05089769887598704,,209339836.0,,,,solver 39a59c96136a from scaling.csv
article1:scaling.csv:scaling_f615191ab2cc52a1,dipfmm,dipfmm point->point o6,point_target_article1,49,64,262144,depth=2,success,0.141055,,,,0.0945344,0.0944921,360.6201171875,4.511884812802062e-05,,0.0006598363897764095,,35010588.0,,,,solver 39a59c96136a from scaling.csv
article1:scaling.csv:scaling_054950e535e6fff7,dipfmm,dipfmm point->point o6,point_target_article1,49,64,262144,depth=3,success,633.996,,,,0.0261425,0.0259266,99.72572326660156,0.00015385528276285984,,0.005447145342972256,,6138518148.0,,,,solver 39a59c96136a from scaling.csv
article1:scaling.csv:scaling_7b04c200f3743002,dipfmm,dipfmm point->point o6,point_target_article1,49,64,262144,depth=3,success,0.149623,,,,0.0066176,0.0066166,25.244140625,0.00015382814415505902,,0.0054491882276509595,,37045916.0,,,,solver 39a59c96136a from scaling.csv
article1:scaling.csv:scaling_47c7fc311fa28a69,dipfmm,dipfmm point->point o6,point_target_article1,49,64,262144,depth=4,success,0.253504,,,,0.00144005,0.00143496,5.493354797363281,0.0011615688911750179,,0.02954279667837375,,56067764.0,,,,solver 39a59c96136a from scaling.csv
article1:scaling.csv:scaling_a560c65cc9904d79,dipfmm,dipfmm point->point o6,point_target_article1,49,64,262144,depth=4,success,59.8382,,,,0.00288514,0.00273036,11.005935668945312,0.0011615482150557003,,0.02954334666053193,,1372075676.0,,,,solver 39a59c96136a from scaling.csv
article1:scaling.csv:scaling_1185164fd2dc494b,dipfmm,dipfmm point->point o6,point_target_article1,49,64,262144,depth=5,success,9.7921,,,,0.00331116,0.00315917,12.631072998046875,0.002267647644219841,,0.032557994329297964,,849197828.0,,,,solver 39a59c96136a from scaling.csv
article1:scaling.csv:scaling_a157b577698b73af,dipfmm,dipfmm point->point o6,point_target_article1,49,64,262144,depth=5,success,2.73859,,,,0.0029086,0.00272318,11.095428466796875,0.0022676351934871244,,0.03255959459809185,,225797116.0,,,,solver 39a59c96136a from scaling.csv
article1:scaling.csv:scaling_20fa2d15995afabb,dipfmm,dipfmm point->point o6,point_target_article1,49,80,512000,depth=3,success,0.281484,,,,0.0224455,0.0223268,43.8388671875,9.817374739290516e-05,,0.0011313954476420381,,67028636.0,,,,solver 39a59c96136a from scaling.csv
article1:scaling.csv:scaling_29b63203fed9f8c2,dipfmm,dipfmm point->point o6,point_target_article1,49,80,512000,depth=4,success,266.875,,,,0.0174959,0.017437,34.1716796875,0.0004283317744805628,,0.005667348286892585,,4139202540.0,,,,solver 39a59c96136a from scaling.csv
article1:scaling.csv:scaling_cec04cd03b2389cf,dipfmm,dipfmm point->point o6,point_target_article1,49,80,512000,depth=4,success,0.383551,,,,0.00418334,0.00415435,8.1705859375,0.00042836119679695025,,0.005665913318817138,,86050484.0,,,,solver 39a59c96136a from scaling.csv
article1:scaling.csv:scaling_a876c6b06eeee4fa,dipfmm,dipfmm point->point o6,point_target_article1,49,80,512000,depth=5,success,27.7438,,,,0.00566676,0.00564098,11.067890625,0.0021393933309406953,,0.023100361770720154,,1648729060.0,,,,solver 39a59c96136a from scaling.csv
article1:scaling.csv:scaling_ee4ccd8a5c8eb98a,dipfmm,dipfmm point->point o6,point_target_article1,49,80,512000,depth=5,success,2.83754,,,,0.00421476,0.00417034,8.231953125,0.002139402026760482,,0.023101509406120695,,255779836.0,,,,solver 39a59c96136a from scaling.csv
article1:scaling.csv:scaling_f70835a497018966,dipfmm,dipfmm point->point o6,point_target_article1,49,100,1000000,depth=3,success,0.547922,,,,0.0784129,0.0782366,78.4129,0.00011101150406741836,,0.0009379586525708011,,125588636.0,,,,solver 39a59c96136a from scaling.csv
article1:scaling.csv:scaling_f12e1ddff503f9ae,dipfmm,dipfmm point->point o6,point_target_article1,49,100,1000000,depth=4,success,0.651282,,,,0.0130134,0.0128694,13.0134,0.00031530613530294296,,0.0035345414835837373,,144610484.0,,,,solver 39a59c96136a from scaling.csv
article1:scaling.csv:scaling_47054d37577890c4,dipfmm,dipfmm point->point o6,point_target_article1,49,100,1000000,depth=5,success,104.069,,,,0.013852,0.0137751,13.852,0.0008631003146520178,,0.011287280352839258,,3796078292.0,,,,solver 39a59c96136a from scaling.csv
article1:scaling.csv:scaling_c6d7b2f76a7ceca4,dipfmm,dipfmm point->point o6,point_target_article1,49,100,1000000,depth=5,success,3.3473,,,,0.0074938,0.00736772,7.4938,0.0008631020490423643,,0.011287255153556774,,314339836.0,,,,solver 39a59c96136a from scaling.csv
article1:scaling.csv:scaling_3a94d3f7ed8d1afd,dipfmm,dipfmm point->point o6,point_target_article1,49,100,1000000,depth=6,success,244.513,,,,0.0241355,0.0240348,24.1355,0.00356732024390168,,0.04429064003326316,,1751107948.0,,,,solver 39a59c96136a from scaling.csv
article1:scaling.csv:scaling_b7bfb3c1f4b92aa9,dipfmm,dipfmm point->point o6,point_target_article1,49,100,1000000,depth=6,success,277.968,,,,0.02443,0.0243355,24.43,0.0035673236752219294,,0.044290697979725936,,3908036340.0,,,,solver 39a59c96136a from scaling.csv
article1:scaling.csv:scaling_890596413d395277,dipfmm,dipfmm point->point o6,point_target_article1,49,128,2097152,depth=3,success,1.27285,,,,0.341814,0.341447,162.98961639404297,4.928895969375348e-05,,0.0005029719309931859,,257246876.0,,,,solver 39a59c96136a from scaling.csv
article1:scaling.csv:scaling_efe777550fda8377,dipfmm,dipfmm point->point o6,point_target_article1,49,128,2097152,depth=4,success,1.37662,,,,0.0454655,0.0452433,21.67963981628418,0.0001900453723872297,,0.002488370003523584,,276268724.0,,,,solver 39a59c96136a from scaling.csv
article1:scaling.csv:scaling_abf9fa4313edc1f4,dipfmm,dipfmm point->point o6,point_target_article1,49,128,2097152,depth=5,success,3.78797,,,,0.0155987,0.015589,7.438039779663086,0.0002729448049879193,,0.002954645690524761,,445998076.0,,,,solver 39a59c96136a from scaling.csv
article1:scaling.csv:scaling_36af8f40023ffdf7,dipfmm,dipfmm point->point o6,point_target_article1,49,128,2097152,depth=6,success,318.211,,,,0.03132,0.0312774,14.934539794921875,0.0018762780371702223,,0.02648309411942789,,6899373300.0,,,,solver 39a59c96136a from scaling.csv
article1:scaling.csv:scaling_742c4f25a0df1ff6,dipfmm,dipfmm point->point o6,point_target_article1,49,128,2097152,depth=6,success,245.834,,,,0.0293772,0.0292035,14.008140563964844,0.0018762941401872313,,0.02648376788354899,,1882766188.0,,,,solver 39a59c96136a from scaling.csv
dipfmm_prism2point_float32_cuda_full_o6_d1_lattice10,dipfmm,dipfmm prism->point o6,finite_point_target,49,10,1000,depth=1,success,1.567545752011938,0.0008708490058779716,,,0.00021965199848636985,0.00021658819750882685,219.65199848636985,2.254662374751957e-07,9.859164977738931e-07,1.2508997769360428e-06,,28079536.0,539.0,,,
dipfmm_prism2point_float32_cuda_full_o6_d2_lattice10,dipfmm,dipfmm prism->point o6,finite_point_target,49,10,1000,depth=2,success,1.399076799978502,0.0007231569907162338,,,9.38685960136354e-05,9.351919870823622e-05,93.8685960136354,0.0015907322497984986,0.014450609882030604,0.05701076522232386,,10377828.0,521.0,,,
dipfmm_prism2point_float32_cuda_full_o6_d1_lattice16,dipfmm,dipfmm prism->point o6,finite_point_target,49,16,4096,depth=1,success,6.1633956730074715,0.006650410010479391,,,0.0062220156018156555,0.006213664001552388,1519.0467777870253,3.721789204125219e-07,1.4849499995410408e-06,1.3645653322548327e-06,,410364336.0,903.0,,,
dipfmm_prism2point_float32_cuda_full_o6_d2_lattice16,dipfmm,dipfmm prism->point o6,finite_point_target,49,16,4096,depth=2,success,2.3352697570226155,0.0008821900119073689,,,0.0002576391969341785,0.00025550120044499637,62.900194564008416,0.0002147330322812298,0.0008557913916271716,0.0022189870018839977,,106298020.0,613.0,,,
dipfmm_prism2point_float32_cuda_full_o6_d3_lattice16,dipfmm,dipfmm prism->point o6,finite_point_target,49,16,4096,depth=3,success,1.5065925990056712,0.0008373659802600741,,,0.00022192920441739262,0.0002210073987953365,54.18193467221499,0.00025262696495190456,0.0008562722274201058,0.002295254757175512,,26494820.0,537.0,,,
dipfmm_prism2point_float32_cuda_full_o6_d1_lattice20,dipfmm,dipfmm prism->point o6,finite_point_target,49,20,8000,depth=1,success,20.54212162300246,0.02348621000419371,,,0.023286756995366885,0.02326110059511848,2910.844624420861,5.728672786657418e-07,3.0109296052301786e-06,1.7318988748153406e-06,,1547999088.0,1989.0,,,
dipfmm_prism2point_float32_cuda_full_o6_d2_lattice20,dipfmm,dipfmm prism->point o6,finite_point_target,49,20,8000,depth=2,success,5.699881767010083,0.0013383130135480314,,,0.0006787810008972884,0.000674802204594016,84.84762511216104,0.00019282457491575115,0.0008987616737614831,0.0019380513383433456,,385349220.0,881.0,,,
dipfmm_prism2point_float32_cuda_full_o6_d3_lattice20,dipfmm,dipfmm prism->point o6,finite_point_target,49,20,8000,depth=3,success,1.9694763960142154,0.0010313699895050377,,,0.0003542462014593184,0.0003504787979181856,44.2807751824148,0.0022775964804317623,0.016024087364741358,0.013579617474467722,,74788580.0,583.0,,,
dipfmm_prism2prism_float32_cuda_full_o6_d1_lattice10,dipfmm,dipfmm prism->prism o6,finite_averaged_target,49,10,1000,depth=1,success,1.917877613013843,0.0008310929988510907,,,0.0002220704045612365,0.0002189385995734483,222.0704045612365,2.0935133122323936e-07,9.97939900862361e-07,1.1668900845021788e-06,,28835600.0,539.0,,,
dipfmm_prism2prism_float32_cuda_full_o6_d2_lattice10,dipfmm,dipfmm prism->prism o6,finite_averaged_target,49,10,1000,depth=2,success,1.4881679149984848,0.000676463998388499,,,9.31896036490798e-05,9.227379923686385e-05,93.1896036490798,0.0015924266096733392,0.014421217623661955,0.059466994065595316,,11380420.0,523.0,,,
dipfmm_prism2prism_float32_cuda_full_o6_d1_lattice16,dipfmm,dipfmm prism->prism o6,finite_averaged_target,49,16,4096,depth=1,success,6.584642843983602,0.0065779489814303815,,,0.006333373801317066,0.006284245004644617,1546.2338382121743,3.9408959918046734e-07,2.391617189705721e-06,2.2543829984648033e-06,,414467184.0,907.0,,,
dipfmm_prism2prism_float32_cuda_full_o6_d2_lattice16,dipfmm,dipfmm prism->prism o6,finite_averaged_target,49,16,4096,depth=2,success,2.3952725129784085,0.0008983100124169141,,,0.00027141820173710586,0.0002623023989144713,66.2642094084731,0.00021442049831297907,0.0008546523145225922,0.0022971459061115543,,110351844.0,617.0,,,
dipfmm_prism2prism_float32_cuda_full_o6_d3_lattice16,dipfmm,dipfmm prism->prism o6,finite_averaged_target,49,16,4096,depth=3,success,1.5101943649933673,0.0008211309905163944,,,0.0002245074021629989,0.0002237886015791446,54.81137748120091,0.00026664918786005085,0.0008477659056321652,0.0024927679600768374,,30598820.0,541.0,,,
dipfmm_prism2prism_float32_cuda_full_o6_d1_lattice20,dipfmm,dipfmm prism->prism o6,finite_averaged_target,49,20,8000,depth=1,success,25.95143731602002,0.023509268008638173,,,0.023263101797783747,0.02321619899594225,2907.8877247229684,5.430572795903288e-07,2.676961959903969e-06,1.7168139900016015e-06,,1556030704.0,1997.0,,,
dipfmm_prism2prism_float32_cuda_full_o6_d2_lattice20,dipfmm,dipfmm prism->prism o6,finite_averaged_target,49,20,8000,depth=2,success,6.860838809981942,0.0013196539948694408,,,0.0006839695968665182,0.000680155196459964,85.49619960831478,0.0001921507225582629,0.0008964445099016834,0.001915518224903154,,391399076.0,889.0,,,
dipfmm_prism2prism_float32_cuda_full_o6_d3_lattice20,dipfmm,dipfmm prism->prism o6,finite_averaged_target,49,20,8000,depth=3,success,2.2548630200035404,0.0010821990144904703,,,0.00035065560368821027,0.00034737540408968925,43.83195046102628,0.0022822633947782458,0.016083916325748727,0.013884661727888721,,82811556.0,591.0,,,
dipfmm_tetra2point_float32_cuda_full_o6_d1_kuhn_mesh5,dipfmm,dipfmm tetra->point o6,finite_point_target,49,5,750,depth=1,success,1.6369923829915933,0.00096152100013569,,,0.0001922895957250148,0.00019152500317431986,256.38612763335306,1.8505420382995208e-07,7.81850952955699e-07,1.9344231996361773e-06,,17553152.0,529.0,,,
dipfmm_tetra2point_float32_cuda_full_o6_d2_kuhn_mesh5,dipfmm,dipfmm tetra->point o6,finite_point_target,49,5,750,depth=2,success,1.5142034610034898,0.0006189479900058359,,,8.744780207052827e-05,8.368080016225576e-05,116.59706942737103,0.001663324812678931,0.0075372509617847834,0.01837975821085959,,7985156.0,519.0,,,
dipfmm_tetra2point_float32_cuda_full_o6_d1_kuhn_mesh8,dipfmm,dipfmm tetra->point o6,finite_point_target,49,8,3072,depth=1,success,4.789667445991654,0.003989763994468376,,,0.003597619797801599,0.003589126403676346,1171.1001945968746,3.464646870514188e-07,1.41202237149326e-06,1.7900862206279767e-06,,233090480.0,733.0,,,
dipfmm_tetra2point_float32_cuda_full_o6_d2_kuhn_mesh8,dipfmm,dipfmm tetra->point o6,finite_point_target,49,8,3072,depth=2,success,1.9804127009992953,0.0008488440071232617,,,0.0001807214051950723,0.00017934119678102433,58.828582420270926,0.00015733793443505832,0.0005312392556986824,0.00298066146580704,,62225060.0,571.0,,,
dipfmm_tetra2point_float32_cuda_full_o6_d3_kuhn_mesh8,dipfmm,dipfmm tetra->point o6,finite_point_target,49,8,3072,depth=3,success,1.4482351320039015,0.0009452319936826825,,,0.0001938897999934852,0.00019038760219700635,63.115169268712634,0.00018152886408465273,0.0005309002486765636,0.0042934832253334046,,18106468.0,529.0,,,
dipfmm_tetra2point_float32_cuda_full_o6_d1_kuhn_mesh10,dipfmm,dipfmm tetra->point o6,finite_point_target,49,10,6000,depth=1,success,21.145207989000482,0.01356865098932758,,,0.013316824001958594,0.013302572799148038,2219.470666993099,4.787159420681289e-07,1.357134035313042e-06,1.8765272087735115e-06,,873771712.0,1347.0,,,
dipfmm_tetra2point_float32_cuda_full_o6_d2_kuhn_mesh10,dipfmm,dipfmm tetra->point o6,finite_point_target,49,10,6000,depth=2,success,5.550466660992242,0.0012690610019490123,,,0.0005458122002892196,0.0005431738041806966,90.96870004820327,0.0003175868993335932,0.0018805547856664186,0.006269265520641348,,220517540.0,725.0,,,
dipfmm_tetra2point_float32_cuda_full_o6_d3_kuhn_mesh10,dipfmm,dipfmm tetra->point o6,finite_point_target,49,10,6000,depth=3,success,2.7167457639880013,0.0008988059998955578,,,0.00028655019705183806,0.0002852016012184322,47.75836617530634,0.0020920879977169614,0.010747749630833262,0.02519543310230773,,48887524.0,561.0,,,
dipfmm_tetra2point_float32_cuda_full_o6_d2_kuhn_mesh16,dipfmm,dipfmm tetra->point o6,finite_point_target,49,16,24576,depth=2,success,50.75859562700498,0.005091619997983798,,,0.004414107999764383,0.004395999800181016,179.6105143133294,0.00010273082290741569,0.0004452111767733241,0.0010859694659078505,,3569441444.0,3917.0,,,
dipfmm_tetra2point_float32_cuda_full_o6_d3_kuhn_mesh16,dipfmm,dipfmm tetra->point o6,finite_point_target,49,16,24576,depth=3,success,8.236407051997958,0.0020195049874018878,,,0.0012673905992414802,0.0012634568032808603,51.570255502989916,0.0001715896370152025,0.0005348419461432658,0.0013690169008527858,,621377380.0,1105.0,,,
dipfmm_tetra2point_float32_cuda_full_o6_d4_kuhn_mesh16,dipfmm,dipfmm tetra->point o6,finite_point_target,49,16,24576,depth=4,success,2.3838892230123747,0.0017964279977604747,,,0.001173114200355485,0.0011637181974947452,47.734139011860556,0.00019961172104102833,0.0005615407899988317,0.001248817927192412,,135205372.0,655.0,,,
dipfmm_tetra2point_float32_cuda_full_o6_d2_kuhn_mesh20,dipfmm,dipfmm tetra->point o6,finite_point_target,49,20,48000,depth=2,success,303.7432090829825,0.01615253699128516,,,0.015851655998267232,0.01575080260518007,330.242833297234,9.082928273709472e-05,0.0003792631016042996,0.001467055620468857,,13555886468.0,13443.0,,,
dipfmm_tetra2point_float32_cuda_full_o6_d3_kuhn_mesh20,dipfmm,dipfmm tetra->point o6,finite_point_target,49,20,48000,depth=3,success,38.55760740098776,0.004271748999599367,,,0.0036481607996392993,0.0036285517970100047,76.00334999248541,0.0004059790241042846,0.002324070846871695,0.004543063716101003,,2296239460.0,2705.0,,,
dipfmm_tetra2point_float32_cuda_full_o6_d4_kuhn_mesh20,dipfmm,dipfmm tetra->point o6,finite_point_target,49,20,48000,depth=4,success,8.969414054998197,0.0028715889784507453,,,0.0021059988008346408,0.0019517348031513394,43.87497501738835,0.002032909757171889,0.006559208959560921,0.01754762111466155,,406082428.0,913.0,,,
dipfmm_tetra2tetra_float32_cuda_full_o6_d1_kuhn_mesh5,dipfmm,dipfmm tetra->tetra o6,finite_averaged_target,49,5,750,depth=1,success,3.4178024329885375,0.000841020984807983,,,0.00019178680377081038,0.00019144220277667046,255.7157383610805,1.9976791575251778e-07,1.121205075204324e-06,1.4033272358219696e-06,,18305832.0,529.0,,,
dipfmm_tetra2tetra_float32_cuda_full_o6_d2_kuhn_mesh5,dipfmm,dipfmm tetra->tetra o6,finite_averaged_target,49,5,750,depth=2,success,2.204862771992339,0.0006691179878544062,,,8.442959515377879e-05,8.316159946843981e-05,112.57279353837173,0.0021504742891123242,0.010921464241244483,0.025181607557419612,,8736940.0,521.0,,,
dipfmm_tetra2tetra_float32_cuda_full_o6_d1_kuhn_mesh8,dipfmm,dipfmm tetra->tetra o6,finite_averaged_target,49,8,3072,depth=1,success,8.387681495019933,0.0038945360283832997,,,0.003606317995581776,0.003591864201007411,1173.931639186776,3.419184546530682e-07,1.1408476451929495e-06,1.0257957315087818e-06,,236174448.0,737.0,,,
dipfmm_tetra2tetra_float32_cuda_full_o6_d2_kuhn_mesh8,dipfmm,dipfmm tetra->tetra o6,finite_averaged_target,49,8,3072,depth=2,success,2.498098060983466,0.0007587809814140201,,,0.00018213079893030225,0.00018058620044030248,59.28736944345777,0.00016117244879305907,0.0005198441302917553,0.0019563939733677855,,65308132.0,575.0,,,
dipfmm_tetra2tetra_float32_cuda_full_o6_d3_kuhn_mesh8,dipfmm,dipfmm tetra->tetra o6,finite_averaged_target,49,8,3072,depth=3,success,1.4913024870038498,0.0007813900010660291,,,0.00019405779894441367,0.0001922149967867881,63.16985642721799,0.00020587983813063685,0.0005920300510526135,0.003376392567171545,,21071780.0,533.0,,,
dipfmm_tetra2tetra_float32_cuda_full_o6_d1_kuhn_mesh10,dipfmm,dipfmm tetra->tetra o6,finite_averaged_target,49,10,6000,depth=1,success,659.0414741229906,0.013502561021596193,,,0.01326365179847926,0.013245375599944964,2210.6086330798767,4.892468561217475e-07,2.073474343300801e-06,3.1303177767532516e-06,,879759952.0,1355.0,,,
dipfmm_tetra2tetra_float32_cuda_full_o6_d2_kuhn_mesh10,dipfmm,dipfmm tetra->tetra o6,finite_averaged_target,49,10,6000,depth=2,success,14.718266571988352,0.0011972540232818574,,,0.0005435939994640649,0.0005412582017015666,90.59899991067748,0.00032006162737255984,0.0018693572585481845,0.006611604793032867,,226540324.0,733.0,,,
dipfmm_tetra2tetra_float32_cuda_full_o6_d3_kuhn_mesh10,dipfmm,dipfmm tetra->tetra o6,finite_averaged_target,49,10,6000,depth=3,success,6.563709195994306,0.0009158320026472211,,,0.0002856281993445009,0.0002841854002326727,47.60469989075015,0.002574364581672618,0.014488872967922228,0.02815564323642574,,54903140.0,569.0,,,
dipfmm_tetra2tetra_float32_cuda_full_o6_d2_kuhn_mesh16,dipfmm,dipfmm tetra->tetra o6,finite_averaged_target,49,16,24576,depth=2,success,69.83682199098985,0.005013380025047809,,,0.004425435001030565,0.004419943201355636,180.07141117474626,0.00010886856352618122,0.0004995938557559019,0.0010418581755124404,,3594114532.0,3941.0,,,
dipfmm_tetra2tetra_float32_cuda_full_o6_d3_kuhn_mesh16,dipfmm,dipfmm tetra->tetra o6,finite_averaged_target,49,16,24576,depth=3,success,9.975667151011294,0.002037555997958407,,,0.0013006387976929545,0.0012835166009608657,52.92312816133441,0.00020695702318032766,0.000670427128474958,0.0017297387632417402,,646043300.0,1129.0,,,
dipfmm_tetra2tetra_float32_cuda_full_o6_d4_kuhn_mesh16,dipfmm,dipfmm tetra->tetra o6,finite_averaged_target,49,16,24576,depth=4,success,2.511342326004524,0.0019502289942465723,,,0.0011735306004993617,0.0011596089985687285,47.751082377089915,0.0002512350810183608,0.0007461694915635369,0.001737962904635581,,158929212.0,679.0,,,
jaxfmm_element_p6n8_prism2point_lattice10,jaxfmm,jaxfmm element p6 n8 prism_faces->point,finite_point_target,,10,1000,N_max=None,success,7.8809059640043415,19.03802098199958,19.03445318780141,0.0035677941981703044,0.004387222201330587,0.003243263595504686,4387.222201330587,0.0010552406563794287,0.0020856252021776668,0.007112939466600165,669044480,4532224,,,,
jaxfmm_element_p6n8_prism2point_lattice16,jaxfmm,jaxfmm element p6 n8 prism_faces->point,finite_point_target,,16,4096,N_max=None,success,8.35318484599702,23.091209592006635,23.08365616260562,0.007553429401014,0.007553726999321953,0.007467240397818387,1844.171630693836,0.0011205361813602644,0.0019279314453366967,0.004263871105276008,2232281600,18169088,,,,
jaxfmm_element_p6n8_tetra2point_kuhn_mesh5,jaxfmm,jaxfmm element p6 n8 tetra_faces->point,finite_point_target,,5,750,N_max=None,failed,,,,,,,,,,,,,,,,IndexError: tuple index out of range
jaxfmm_element_p6n8_tetra2point_kuhn_mesh8,jaxfmm,jaxfmm element p6 n8 tetra_faces->point,finite_point_target,,8,3072,N_max=None,success,8.552877426991472,23.42212369700428,23.417159243201603,0.004964453802676872,0.004205364402150735,0.003466332401148975,1368.9337246584425,0.05733247647228967,0.14687403233291915,0.6657334400236397,947413504,4578304,,,,
jaxfmm_element_p6n8_tetra2point_kuhn_mesh10,jaxfmm,jaxfmm element p6 n8 tetra_faces->point,finite_point_target,,10,6000,N_max=None,success,9.499067021999508,22.99686352701974,22.99017826021882,0.006685266800923273,0.008330177201423794,0.008198015403468161,1388.3628669039656,0.05659288720711471,0.15310476356474084,0.31072001417570305,2746064640,9016320,,,,
jaxfmm_element_p6n8_tetra2point_kuhn_mesh16,jaxfmm,jaxfmm element p6 n8 tetra_faces->point,finite_point_target,,16,24576,N_max=None,success,8.38745584001299,20.290984405990457,20.26969106378965,0.021293342200806364,0.023333827004535124,0.023234061599941923,949.4558514215138,0.058484145281799724,0.14117244155185182,0.22551743404237518,11629743360,35848960,,,,
jaxfmm_element_p8n10_prism2point_lattice10,jaxfmm,jaxfmm element p8 n10 prism_faces->point,finite_point_target,,10,1000,N_max=None,success,9.408496738004033,27.659404995996738,27.652910725795664,0.0064942702010739595,0.005898570397403091,0.0051089950022287665,5898.570397403091,0.00026323538734218823,0.0005212178204995316,0.0017886573378731077,963056896,6621440,,,,
jaxfmm_element_p8n10_prism2point_lattice16,jaxfmm,jaxfmm element p8 n10 prism_faces->point,finite_point_target,,16,4096,N_max=None,success,10.08063188000233,31.6646325509937,31.65165225699311,0.01298029400059022,0.011367986199911684,0.011219583399360999,2775.3872558378134,0.000276582830148197,0.0004806912616887986,0.001073627405120257,3212647424,26423808,,,,
jaxfmm_element_p8n10_tetra2point_kuhn_mesh5,jaxfmm,jaxfmm element p8 n10 tetra_faces->point,finite_point_target,,5,750,N_max=None,failed,,,,,,,,,,,,,,,,IndexError: tuple index out of range
jaxfmm_element_p8n10_tetra2point_kuhn_mesh8,jaxfmm,jaxfmm element p8 n10 tetra_faces->point,finite_point_target,,8,3072,N_max=None,success,10.157609899993986,30.25067726400448,30.243818122608353,0.006859141396125779,0.005770010000560433,0.005241676000878215,1878.258463724099,0.043924646153497386,0.11408615664889307,0.5553291146842524,1363674880,6670592,,,,
jaxfmm_element_p8n10_tetra2point_kuhn_mesh10,jaxfmm,jaxfmm element p8 n10 tetra_faces->point,finite_point_target,,10,6000,N_max=None,success,11.475583180988906,31.058874729002127,31.048285910801496,0.010588818200631067,0.01177030720282346,0.011750680999830366,1961.7178671372433,0.04346932144191922,0.11519502467946299,0.232074040259177,3950468864,13059840,,,,
jaxfmm_element_p8n10_tetra2point_kuhn_mesh16,jaxfmm,jaxfmm element p8 n10 tetra_faces->point,finite_point_target,,16,24576,N_max=None,success,10.201873170997715,31.706126679026056,31.666589123028096,0.039537555997958405,0.036824084800900894,0.03652766419691034,1498.375846390824,0.04490221169651731,0.11127834588104639,0.1610425656449905,16742606336,52072448,,,,
jaxfmm_kifmm_p4_nmax128_lattice10,jaxfmm,jaxfmm kifmm p4,point_target,56,10,1000,N_max=128,unsupported,,,,,,,,,,,,,,,,ValueError: max() iterable argument is empty
jaxfmm_kifmm_p4_nmax256_lattice10,jaxfmm,jaxfmm kifmm p4,point_target,56,10,1000,N_max=256,unsupported,,,,,,,,,,,,,,,,ValueError: max() iterable argument is empty
jaxfmm_kifmm_p4_nmax64_lattice10,jaxfmm,jaxfmm kifmm p4,point_target,56,10,1000,N_max=64,success,2.6423770349938422,6.286460566014284,6.286077965417644,0.00038260059664025904,0.0005193985998630524,0.0005118766042869538,519.3985998630524,0.0014263459316517283,0.0047752333799612875,0.05196247915783629,1609473280,10806272,,binned,2,
jaxfmm_kifmm_p4_nmax128_lattice16,jaxfmm,jaxfmm kifmm p4,point_target,56,16,4096,N_max=128,success,2.708122877025744,5.896036281978013,5.895711239578668,0.00032504239934496584,0.0004955599957611412,0.00044028219999745486,120.98632709012236,0.0003837415513565435,0.0013237647113909278,0.004453031346443352,1609527040,11010560,,flat,2,
jaxfmm_kifmm_p4_nmax256_lattice16,jaxfmm,jaxfmm kifmm p4,point_target,56,16,4096,N_max=256,success,2.648983672988834,5.7765718619921245,5.776236694591352,0.000335167400771752,0.0004814087995328009,0.00047116539790295067,117.53144519843772,0.00038373788089979217,0.001323653669455931,0.004453039694925894,1609527040,10993664,,flat,2,
jaxfmm_kifmm_p4_nmax64_lattice16,jaxfmm,jaxfmm kifmm p4,point_target,56,16,4096,N_max=64,success,2.6655562130035833,5.875695830996847,5.875369659799617,0.0003261711972299963,0.0006482939992565661,0.0005939254013355821,158.2749021622476,0.00038373965513040134,0.0013236727209072195,0.004453058599485548,1609527040,11011072,,flat,2,
jaxfmm_kifmm_p4_nmax128_lattice20,jaxfmm,jaxfmm kifmm p4,point_target,56,20,8000,N_max=128,success,2.836698291997891,5.780573675991036,5.7795470743905755,0.001026601600460708,0.0020354798005428167,0.0019749347993638366,254.4349750678521,0.0003085573574189212,0.0010553823984086102,0.008197215980976672,1609595392,12171776,,flat,2,
jaxfmm_kifmm_p4_nmax256_lattice20,jaxfmm,jaxfmm kifmm p4,point_target,56,20,8000,N_max=256,success,2.9445278459752444,5.848353322013281,5.8474852532148365,0.0008680687984451652,0.0011816214013379068,0.0011106958030723036,147.70267516723834,0.00030856367348424096,0.0010553823984086102,0.008197103471575446,1609595392,12168448,,flat,2,
jaxfmm_kifmm_p4_nmax64_lattice20,jaxfmm,jaxfmm kifmm p4,point_target,56,20,8000,N_max=64,success,2.9072623300016858,6.318875150987878,6.317971528787166,0.0009036222007125616,0.0011757517990190537,0.0011172116035595536,146.9689748773817,0.0017826766881250383,0.0061257077083909164,0.02660617943297616,1609595392,11510016,,binned,3,
jaxfmm_kifmm_p6_nmax128_lattice10,jaxfmm,jaxfmm kifmm p6,point_target,152,10,1000,N_max=128,unsupported,,,,,,,,,,,,,,,,ValueError: max() iterable argument is empty
jaxfmm_kifmm_p6_nmax256_lattice10,jaxfmm,jaxfmm kifmm p6,point_target,152,10,1000,N_max=256,unsupported,,,,,,,,,,,,,,,,ValueError: max() iterable argument is empty
jaxfmm_kifmm_p6_nmax64_lattice10,jaxfmm,jaxfmm kifmm p6,point_target,152,10,1000,N_max=64,success,2.894538382999599,11.588552053988678,11.587682425189996,0.0008696287986822426,0.001110122795216739,0.0010334883991163224,1110.1227952167392,3.1608891185217175e-05,0.00010886369627534031,0.0004790049805537632,1609473280,70806272,,binned,2,
jaxfmm_kifmm_p6_nmax128_lattice16,jaxfmm,jaxfmm kifmm p6,point_target,152,16,4096,N_max=128,success,2.8857237859920133,13.119849948008778,13.118920224008615,0.0009297240001615136,0.0014447527995798738,0.001407908002147451,352.7228514599301,8.119481903800674e-06,4.21330027763581e-05,0.00012976706801305467,1609527040,71079936,,flat,2,
jaxfmm_kifmm_p6_nmax256_lattice16,jaxfmm,jaxfmm kifmm p6,point_target,152,16,4096,N_max=256,success,2.8227160279930104,13.248998627997935,13.248257543798536,0.000741084199398756,0.001198213396128267,0.0010780412005260587,292.5325674141277,8.112922128489045e-06,4.21261860930002e-05,0.00013000530820254588,1609527040,71059200,,flat,2,
jaxfmm_kifmm_p6_nmax64_lattice16,jaxfmm,jaxfmm kifmm p6,point_target,152,16,4096,N_max=64,success,2.8253205840010196,13.000953218986979,12.999908337387023,0.0010448815999552607,0.0012668586045037956,0.0012362547975499183,309.29165149018445,8.116593360876143e-06,4.210814178273217e-05,0.0001297821692557618,1609527040,71006976,,flat,2,
jaxfmm_kifmm_p6_nmax128_lattice20,jaxfmm,jaxfmm kifmm p6,point_target,152,20,8000,N_max=128,success,3.0599991609924473,13.58200670601218,13.580236521811457,0.0017701842007227242,0.002275878400541842,0.0019438580027781426,284.48480006773025,6.990913607313766e-06,2.340173885363004e-05,9.727295924307527e-05,1609595392,72226560,,flat,2,
jaxfmm_kifmm_p6_nmax256_lattice20,jaxfmm,jaxfmm kifmm p6,point_target,152,20,8000,N_max=256,success,3.085771145997569,13.116619814012665,13.114805819414324,0.0018139945983421057,0.002687227400019765,0.0023715772025752813,335.9034250024706,6.99168025978969e-06,2.3396830307728443e-05,9.717984535811172e-05,1609595392,72225792,,flat,2,
jaxfmm_kifmm_p6_nmax64_lattice20,jaxfmm,jaxfmm kifmm p6,point_target,152,20,8000,N_max=64,success,3.0485574490157887,11.908948101015994,11.905827897816199,0.0031202031997963784,0.003441490599652752,0.003414736199192703,430.18632495659404,4.466110823223033e-05,0.0001455371402402729,0.000749648605933578,1609595392,70352896,,binned,3,
jaxfmm_kifmm_p8_nmax64_lattice10,jaxfmm,jaxfmm kifmm p8,point_target,296,10,1000,N_max=64,success,3.674674618989229,11.516528753010789,11.514553867810173,0.001974885200615972,0.0027705128013622016,0.0026894137961789967,2770.5128013622016,7.3237361820756985e-06,3.138319110245192e-05,7.450024759413935e-05,1609473280,265219840,,binned,2,
jaxfmm_kifmm_p8_nmax64_lattice16,jaxfmm,jaxfmm kifmm p8,point_target,296,16,4096,N_max=64,success,3.5584671489777975,14.040764591976767,14.038728980976156,0.0020356110006105156,0.002583769598277286,0.002531389403156936,630.8031245794155,2.335862131383912e-06,8.926911693087961e-06,2.7201918871111425e-05,1609527040,265318912,,flat,2,
jaxfmm_kifmm_p8_nmax64_lattice20,jaxfmm,jaxfmm kifmm p8,point_target,296,20,8000,N_max=64,success,3.7943197769927792,11.898547231015982,11.888171539013275,0.010375692002708093,0.0113094202009961,0.0112570368044544,1413.6775251245126,8.051609875983617e-06,4.097813870999257e-05,6.162862858888254e-05,1609595392,259073024,,binned,3,
