file,backend,precision,grid,bodies,order,depth,samples,wall_seconds,p2m_seconds,l2p_seconds,universal_seconds,p2p_seconds,relative_l2_H_total,relative_l2_H_far,relative_l2_H_p2p,bit_identical_H_total
kuhn-after-cpu-p10.json,cpu_static,float32,5,750,10,2,3,0.4472526640165597,0.001639454,0.002319744,0.064549256,0.355307072,0.0,0.0,0.0,True
kuhn-after-cpu-p6-f64.json,cpu_static,float64,5,750,6,2,3,0.36424920900026336,0.000348539,0.000604881,0.003787825,0.357085628,5.037029965351726e-17,6.927265935837201e-16,2.776641210654248e-17,False
kuhn-after-cuda-n10-p10.json,cuda_full,float32,10,6000,10,3,3,2.0382037100498565,0.010188974,0.01178645,0.064435665,1.763493695,"","","",""
kuhn-after-cuda-n5-p15.json,cuda_full,float32,5,750,15,2,3,1.3972545929718763,0.010142163,0.017698594,0.882232462,0.35713146,"","","",""
kuhn-after-cuda-n5-p20.json,cuda_full,float32,5,750,20,2,3,7.2078560339869,0.031768468,0.052670067,6.411772745,0.354455023,"","","",""
kuhn-after-cuda-n8-p10.json,cuda_full,float32,8,3072,10,3,3,0.19850385404424742,0.000608165,0.000782758,0.06443624,0.06660321,"","","",""
kuhn-after-cuda-p10.json,cuda_full,float32,5,750,10,2,3,0.4651852740207687,0.001675056,0.002366789,0.06441137699999999,0.356348944,6.468418066915288e-08,1.9494963253671636e-07,6.416760094486042e-08,False
kuhn-after-cuda-p6-f64.json,cuda_full,float64,5,750,6,2,3,0.37468862294917926,0.00056568,0.000723318,0.003886444,0.355487961,1.2481762689933937e-16,7.041208853155356e-16,1.1549580132619432e-16,False
kuhn-before-cpu-p10.json,cpu_static,float32,5,750,10,2,1,171.33285642199917,25.474670516,59.655032327,85.40111986000001,0.742770703,"","","",""
kuhn-before-cpu-p6-f64.json,cpu_static,float64,5,750,6,2,1,2.9115151839796454,0.143605083,0.598035289,1.406073243,0.744991727,"","","",""
kuhn-before-cuda-p10.json,cuda_full,float32,5,750,10,2,1,162.71707278402755,19.956398981,48.132939676,93.973049789,0.390798247,"","","",""
kuhn-before-cuda-p6-f64.json,cuda_full,float64,5,750,6,2,1,3.1464000929845497,0.126370966,0.362667511,1.8497562220000001,0.361666335,"","","",""
